line	confidence	section	subsection	title	authors	venue	url	source_title	source_authors	source_year	review_reasons	catalog_flags
134	low	CAD Representations and Foundations		CAD-Coder: A New Paradigm for CAD Generation with Scalable Large Model Capabilities	Li et al.	arXiv 2025	https://arxiv.org/abs/2505.06507	Text-to-CadQuery: A New Paradigm for CAD Generation with Scalable Large Model Capabilities	Haoyang Xie; Feng Ju	2025	title_mismatch; author_mismatch	duplicate_arxiv_id
188	low	2D CAD and Drawing Intelligence	Drawing Understanding and Benchmarks	Solving Idealized Beam Models from Hand-Drawn Drawings	Authors	arXiv 2026	https://arxiv.org/abs/2603.21432	Image-Based Structural Analysis Using Computer Vision and LLMs: PhotoBeamSolver	Altamirano-Muñiz Emilio Fernando	2026	title_mismatch; author_readme_unknown	
198	low	2D CAD and Drawing Intelligence	2D-3D Annotation Mapping	CAD2Program: From 2D CAD Drawings to 3D Parametric Models	Xilin Wang, Jia Zheng, Yuanchao Hu et al.	AAAI 2025	https://arxiv.org/abs/2412.11892	From 2D CAD Drawings to 3D Parametric Models: A Vision-Language Approach	Xilin Wang; Jia Zheng; Yuanchao Hu; Hao Zhu; Qian Yu; Zihan Zhou	2024	title_mismatch	duplicate_arxiv_id
215	low	2D CAD and Drawing Intelligence	Floor Plan and Drawing Generation	Small Building Model: A Transformer for Layout Synthesis in BIM	Authors	arXiv 2025	https://arxiv.org/abs/2512.04832	Tokenizing Buildings: A Transformer for Layout Synthesis	Manuel Ladron de Guevara; Jinmo Rhee; Ardavan Bidgoli; Vaidas Razgaitis; Michael Bergin	2025	title_mismatch; author_readme_unknown	
216	low	2D CAD and Drawing Intelligence	Floor Plan and Drawing Generation	DiffPlanner: Direct Vector Floor Plan Generation with Diffusion	Authors	arXiv 2025	https://arxiv.org/abs/2508.13738	Eliminating Rasterization: Direct Vector Floor Plan Generation with DiffPlanner	Shidong Wang; Renato Pajarola	2025	title_mismatch; author_readme_unknown	
228	low	2D CAD and Drawing Intelligence	Vectorization and Digitization	Line Drawing Pretraining for Efficient, Transferable, and Human-Aligned Vision	Authors	arXiv 2025	https://arxiv.org/abs/2508.06696	Learning More by Seeing Less: Structure First Learning for Efficient, Transferable, and Human-Aligned Vision	Tianqin Li; George Liu; Tai Sing Lee	2025	title_mismatch; author_readme_unknown	
242	low	2D CAD and Drawing Intelligence	P&ID Diagram Intelligence	A Closed-Loop, Physics-Aware Agentic Framework for Auto-Generating Chemical Process and Instrumentation Diagrams	Authors	arXiv 2025	https://arxiv.org/abs/2505.24584	AutoChemSchematic AI: Agentic Physics-Aware Automation for Chemical Manufacturing Scale-Up	Sakhinana Sagar Srinivas; Shivam Gupta; Venkataramana Runkana	2025	title_mismatch; author_readme_unknown	
273	low	2D CAD and Drawing Intelligence	Architectural Floor Plan Analysis	MitUNet: Enhancing Floor Plan Recognition using a Hybrid Mix-Transformer and U-Net Architecture	Dmitriy Parashchuk, Alexey Kaspshitskiy, Yuriy Karyakin	arXiv 2025	https://arxiv.org/abs/2512.02413	Enhancing Floor Plan Recognition: A Hybrid Mix-Transformer and U-Net Approach for Precise Wall Segmentation	Dmitriy Parashchuk; Alexey Kaspshitskiy; Yuriy Karyakin	2025	title_mismatch	
294	low	3D CAD Generation and Reconstruction	Autoregressive Sequence Models	Position: You Can't Manufacture a NeRF	Kimmel et al.	ICML 2025					missing_paper_url	
317	low	3D CAD Generation and Reconstruction	LLM and VLM-Based Generation	FutureCAD	Jiahao Li, Qingwang Zhang, Qiuyu Chen et al.	arXiv 2026	https://arxiv.org/abs/2603.11831	Towards High-Fidelity CAD Generation via LLM-Driven Program Generation and Text-Based B-Rep Primitive Grounding	Jiahao Li; Qingwang Zhang; Qiuyu Chen; Guozhan Qiu; Yunzhong Lou; Xiangdong Zhou	2026	title_mismatch	duplicate_arxiv_id
318	low	3D CAD Generation and Reconstruction	LLM and VLM-Based Generation	ProCAD	Bo Yuan, Zelin Zhao, Petr Molodyk et al.	arXiv (in review) 2026	https://arxiv.org/abs/2602.03045	Clarify Before You Draw: Proactive Agents for Robust Text-to-CAD Generation	Bo Yuan; Zelin Zhao; Petr Molodyk; Bin Hu; Yongxin Chen	2026	title_mismatch	duplicate_arxiv_id
320	low	3D CAD Generation and Reconstruction	LLM and VLM-Based Generation	CADSmith	Makatura et al.	arXiv 2025	https://arxiv.org/abs/2603.26512	CADSmith: Multi-Agent CAD Generation with Programmatic Geometric Validation	Jesse Barkley; Rumi Loghmani; Amir Barati Farimani	2026	author_mismatch; year_mismatch	
321	low	3D CAD Generation and Reconstruction	LLM and VLM-Based Generation	Proc3D	Li et al.	arXiv 2025	https://arxiv.org/abs/2601.12234	Proc3D: Procedural 3D Generation and Parametric Editing of 3D Shapes with Large Language Models	Fadlullah Raji; Stefano Petrangeli; Matheus Gadelha; Yu Shen; Uttaran Bhattacharya; Gang Wu	2026	author_mismatch; year_mismatch	duplicate_arxiv_id
333	low	3D CAD Generation and Reconstruction	Reinforcement Learning-Enhanced Generation	CAD-RL	Ke Niu, Haiyang Yu, Zhuofan Chen et al.	arXiv 2025	https://arxiv.org/abs/2508.10118	From Intent to Execution: Multimodal Chain-of-Thought Reinforcement Learning for Precise CAD Code Generation	Ke Niu; Haiyang Yu; Zhuofan Chen; Mengyang Zhao; Teng Fu; Bin Li; Xiangyang Xue	2025	title_mismatch	duplicate_arxiv_id
339	low	3D CAD Generation and Reconstruction	B-Rep and CSG Generation	BrepARG	Jiahao Li, Yunpeng Bai, Yongkang Dai et al.	CVPR 2026	https://arxiv.org/abs/2601.16771	AutoRegressive Generation with B-rep Holistic Token Sequence Representation	Jiahao Li; Yunpeng Bai; Yongkang Dai; Hao Guo; Hongping Gan; Yilei Shi	2026	title_mismatch	duplicate_arxiv_id
371	low	3D CAD Generation and Reconstruction	Image to CAD	BrepGaussian	Wang et al.	arXiv 2025	https://arxiv.org/abs/2602.21105	BrepGaussian: CAD reconstruction from Multi-View Images with Gaussian Splatting	Jiaxing Yu; Dongyang Ren; Hangyu Xu; Zhouyuxiao Yang; Yuanqi Li; Jie Guo; Zhengkang Zhou; Yanwen Guo	2026	author_mismatch; year_mismatch	
375	low	3D CAD Generation and Reconstruction	Image to CAD	CAD Sequence and Knowledge Inference	Authors	arXiv 2025	https://arxiv.org/abs/2501.04928	Image2CADSeq: Computer-Aided Design Sequence and Knowledge Inference from Product Images	Xingang Li; Zhenghui Sha	2025	title_mismatch; author_readme_unknown	
377	low	3D CAD Generation and Reconstruction	Image to CAD	Multi-View to CAD	Kniaz et al.	arXiv 2023	https://arxiv.org/abs/2309.13281	Automatic Reverse Engineering: Creating computer-aided design (CAD) models from multi-view images	Henrik Jobczyk; Hanno Homann	2023	title_mismatch; author_mismatch	
390	low	3D CAD Generation and Reconstruction	Sketch to CAD	3D CAD Model Reconstruction from 2D Sketch using Visual Transformer and Rhino Grasshopper	Authors	arXiv 2023	https://arxiv.org/abs/2309.16850	Sketch2CAD: 3D CAD Model Reconstruction from 2D Sketch using Visual Transformer	Hong-Bin Yang	2023	title_mismatch; author_readme_unknown	
443	low	3D CAD Generation and Reconstruction	Multi-Modal CAD Generation	Omni123: Unified Native 3D Generation and Editing within a Multimodal Framework	Authors	arXiv 2026	https://arxiv.org/abs/2604.02289	Omni123: Exploring 3D Native Foundation Models with Limited 3D Data by Unifying Text to 2D and 3D Generation	Chongjie Ye; Cheng Cao; Chuanyu Pan; Yiming Hao; Yihao Zhi; Yuanming Hu; Xiaoguang Han	2026	title_mismatch; author_readme_unknown	
489	low	CAD Understanding and Retrieval	Machining Feature Recognition	AAGNet: Automatic Machining Feature Recognition using Geometric Attributed Adjacency Graphs	Hongjin Wu, Ang Liu, Kai Wu	Computer-Aided Design 2024					missing_paper_url	
494	low	CAD Understanding and Retrieval	Machining Feature Recognition	FeatureNet: Machining Feature Recognition Based on 3D Convolution Neural Network	Zhibo Zhang, Prakhar Jaiswal, Rahul Rai	CAD 2018					missing_paper_url	
500	low	CAD Understanding and Retrieval	CAD Model Retrieval	CADGCL: Unsupervised Retrieval of CAD Models via Boundary Representations	Authors	The Visual Computer 2025					missing_paper_url	
527	low	CAD Understanding and Retrieval	B-Rep Segmentation	Geometric Deep Learning with A-to-Z BRep Annotations for AI-Assisted CAD Modeling and Reverse Engineering	Wenjie Niu, Qiang Zou	arXiv 2025	https://arxiv.org/abs/2603.12605	A2Z-10M+: Geometric Deep Learning with A-to-Z BRep Annotations for AI-Assisted CAD Modeling and Reverse Engineering	Pritham Kumar Jena; Bhavika Baburaj; Tushar Anand; Vedant Dutta; Vineeth Ulavala; Sk Aziz Ali	2026	author_mismatch; year_mismatch	
536	low	CAD Understanding and Retrieval	Sequence-Based Encoding	3D Shape Matching: From Foundations to Open Challenges and Opportunities	Eisenberger et al.	arXiv 2026	https://arxiv.org/abs/2604.01274	Non-Rigid 3D Shape Correspondences: From Foundations to Open Challenges and Opportunities	Aleksei Zhuravlev; Lennart Bastian; Dongliang Cao; Nafie El Amrani; Paul Roetzer; Viktoria Ehm; Riccardo Marin; Hiroki Nishizawa; Shigeo Morishima; Christian Theobalt; Nassir Navab; Daniel Cremers; Florian Bernard; Zorah Lähner; Vladislav Golyanik	2026	title_mismatch; author_mismatch	
558	low	Simulation and Design Optimization	Neural Operators and FEA Surrogates	NOEM: Efficient and Scalable Finite Element Method Enabled by Reusable Neural Operators	NOEM authors	Nature Computational Science 2026					missing_paper_url	
559	low	Simulation and Design Optimization	Neural Operators and FEA Surrogates	A Graph Neural Network Surrogate for 3D Finite Element Modeling: Accelerated Full-Field Parameter Identification in Aluminum Alloy 6DR1	GNN-FE authors	Modelling and Simulation in Materials Science and Engineering 2026					missing_paper_url	
564	low	Simulation and Design Optimization	Neural Operators and FEA Surrogates	Equilibrium Neural Operator: A Physics-Informed Neural Operator for Multiscale Simulations	EquiNO authors	arXiv preprint 2025	https://arxiv.org/abs/2504.07976	EquiNO: A Physics-Informed Neural Operator for Multiscale Simulations	Hamidreza Eivazi; Jendrik-Alexander Tröger; Stefan Wittek; Stefan Hartmann; Andreas Rausch	2025	title_mismatch; author_mismatch	
589	low	Simulation and Design Optimization	Physics-Informed Neural Networks	Equation Discovery, Parametric Simulation, and Optimization Using PINN for Heat Conduction	PINN Heat Opt authors	arXiv preprint 2025	https://arxiv.org/abs/2510.25925	Equation Discovery, Parametric Simulation, and Optimization Using the Physics-Informed Neural Network (PINN) Method for the Heat Conduction Problem	Ehsan Ghaderi; Mohamad Ali Bijarchi; Siamak Kazemzadeh Hannani; Ali Nouri Boroujerdi	2025	title_mismatch; author_mismatch	
591	low	Simulation and Design Optimization	Physics-Informed Neural Networks	Physics-Informed Diffusion Models	Bastek et al.	ICLR 2025	URL				paper_url_error	
596	low	Simulation and Design Optimization	Physics-Informed Neural Networks	Physics-Informed Neural Networks for Solving Thermo-Mechanics Problems of Functionally Graded Material	Thermo-PINN authors	arXiv preprint 2022	https://arxiv.org/abs/2111.10751	Physics-informed neural networks for solving thermo-mechanics problems of functionally graded material	Mayank Raj; Pramod Kumbhar; Ratna Kumar Annabattula	2021	author_mismatch; year_mismatch	
604	low	Simulation and Design Optimization	Deep Learning for Topology Optimization	Multiscale Topology Optimization of Hyperelastic Structures Using Physics-Augmented Neural Networks	Authors	arXiv preprint 2026	https://arxiv.org/abs/2604.06519	Multiscale topology optimization of compressible and nearly incompressible anisotropic hyperelastic structures using physics-augmented neural networks	Asghar A. Jadoon; Aryan Tyagi; L. River Spencer; Reese E. Jones; Manuel K. Rausch; Ryan Alberdi; D. Thomas Seidl; Jan N. Fuhg	2026	title_mismatch; author_readme_unknown	
618	low	Simulation and Design Optimization	Generative and LLM-Driven Topology Optimization	Toward Large Language Model-Driven Symbolic Topology Optimisation for Rapid Structural Concept Generation in Manufacturable Design	Authors	Journal of Manufacturing and Materials Processing 2026					missing_paper_url	
620	low	Simulation and Design Optimization	Generative and LLM-Driven Topology Optimization	Guiding Topology Optimization Diffusion with Human Preferences	Authors	arXiv preprint 2025	https://arxiv.org/abs/2508.01589	Censored Sampling for Topology Design: Guiding Diffusion with Human Preferences	Euihyun Kim; Keun Park; Yeoneung Kim	2025	title_mismatch; author_readme_unknown	
621	low	Simulation and Design Optimization	Generative and LLM-Driven Topology Optimization	Two-Stage Multiobjective Topology Optimization Method via SwinUnet with Enhanced Generalization	Authors	Scientific Reports 2025					missing_paper_url	
622	low	Simulation and Design Optimization	Generative and LLM-Driven Topology Optimization	Diffusion Models for Topology Optimization in 3D Printing Applications	Authors	Journal of Applied Physics 2025					missing_paper_url	
623	low	Simulation and Design Optimization	Generative and LLM-Driven Topology Optimization	Multiphysics Design Optimization via Generative Adversarial Networks	Authors	Journal of Mechanical Design 2022					missing_paper_url	
627	low	Simulation and Design Optimization	AI-Driven Generative Design	Agentic LLM Orchestration of Engineering Analysis in Product Development Design Practice	Authors	arXiv preprint 2026	https://arxiv.org/abs/2603.10249	DUCTILE: Agentic LLM Orchestration of Engineering Analysis in Product Development Practice	Alejandro Pradas-Gomez; Arindam Brahma; Ola Isaksson	2026	title_mismatch; author_readme_unknown	
649	low	Manufacturing-Aware Design	Design for Manufacturing (DFM)	Kolmogorov-Arnold Networks-Based Tolerance-Aware Manufacturability Assessment Integrating Design-for-Manufacturing Principles	Unknown	arXiv preprint 2025	https://arxiv.org/abs/2601.06334	Kolmogorov-Arnold Networks-Based Tolerance-Aware Manufacturability Assessment Integrating Design-for-Manufacturing Principles	Masoud Deylami; Negar Izadipour; Adel Alaeddini	2026	author_readme_unknown; year_mismatch	
652	low	Manufacturing-Aware Design	Design for Manufacturing (DFM)	Data-Driven Prediction of Casting Defects in Magnesium High-Pressure Die Casting Using Machine Learning	Unknown	International Journal of Metalcasting 2025					missing_paper_url	
653	low	Manufacturing-Aware Design	Design for Manufacturing (DFM)	An Artificial Intelligence Application for In-Process Springback Control of Sheet Metal Bending	Unknown	ASME J. Manufacturing Science and Engineering 2025					missing_paper_url	
656	low	Manufacturing-Aware Design	Design for Manufacturing (DFM)	Adapting CLIP for Few-Shot Image Inspection in Manufacturing Quality Control	Unknown	arXiv preprint 2025	https://arxiv.org/abs/2501.12596	Adapting OpenAI's CLIP Model for Few-Shot Image Inspection in Manufacturing Quality Control: An Expository Case Study with Multiple Application Examples	Fadel M. Megahed; Ying-Ju Chen; Bianca Maria Colosimo; Marco Luigi Giuseppe Grasso; L. Allison Jones-Farmer; Sven Knoth; Hongyue Sun; Inez Zwetsloot	2025	title_mismatch; author_readme_unknown	
665	low	Manufacturing-Aware Design	Design for Additive Manufacturing (DFAM)	Generative Artificial Intelligence in Lattice Structure Design for Additive Manufacturing: A Critical Review	Authors	eScience of Additive Manufacturing 2025					missing_paper_url	
669	low	Manufacturing-Aware Design	Design for Additive Manufacturing (DFAM)	Digital Twin-Enabled Real-Time Control in Robotic Additive Manufacturing via Soft Actor-Critic RL	Authors	arXiv preprint 2025	https://arxiv.org/abs/2501.18016	Digital Twin Synchronization: Bridging the Sim-RL Agent to a Real-Time Robotic Additive Manufacturing Control	Matsive Ali; Sandesh Giri; Sen Liu; Qin Yang	2025	title_mismatch; author_readme_unknown	
670	low	Manufacturing-Aware Design	Design for Additive Manufacturing (DFAM)	Computational, Data-Driven, and Physics-Informed ML Approaches for Microstructure Modeling in Metal AM	Authors	arXiv preprint 2025	https://arxiv.org/abs/2505.01424	Computational, Data-Driven, and Physics-Informed Machine Learning Approaches for Microstructure Modeling in Metal Additive Manufacturing	D. Patel; R. Sharma; Y. B. Guo	2025	title_mismatch; author_readme_unknown	
680	low	Manufacturing-Aware Design	Assembly Planning and Tolerance	Tolerance Allocation of Complex Systems Based on Supervised Machine Learning and Adaptive Sampling	Authors	International Journal of Advanced Manufacturing Technology 2025					missing_paper_url	
769	low	Datasets and Benchmarks	Dataset Papers	Geometrically Constrained Parametric History-based CAD Dataset	Authors et al.	arXiv 2025	https://arxiv.org/abs/2602.19171	HistCAD: A Constraint-Aware Parametric History-Based CAD Representation, Dataset, and Benchmark with Industrial Complexity	Xintong Dong; Chuanyang Li; Peng Zheng; Chuqi Han; Jiaxin Jing; Hailong Shen; Yanzhi Song; Zhouwang Yang	2025	title_mismatch; author_mismatch	
771	low	Datasets and Benchmarks	Dataset Papers	An Open Large-Scale Architectural CAD Dataset and New Baseline for Panoptic Symbol Spotting	Luo et al.	NeurIPS 2025	https://arxiv.org/abs/2503.22346	ArchCAD-400K: A Large-Scale CAD drawings Dataset and New Baseline for Panoptic Symbol Spotting	Ruifeng Luo; Zhengjie Liu; Tianxiao Cheng; Jie Wang; Tongjie Wang; Xingguang Wei; Haomin Wang; YanPeng Li; Fu Chai; Fei Cheng; Shenglong Ye; Wenhai Wang; Yanting Zhang; Yu Qiao; Hongjie Zhang; Xianzhong Zhao	2025	title_mismatch	duplicate_arxiv_id
773	low	Datasets and Benchmarks	Dataset Papers	VideoCAD: A Large-Scale Video Dataset for Learning UI Interactions and 3D Reasoning from CAD Software	Lambourne et al.	NeurIPS 2025	https://arxiv.org/abs/2505.24838	VideoCAD: A Dataset and Model for Learning Long-Horizon 3D CAD UI Interactions from Video	Brandon Man; Ghadi Nehme; Md Ferdous Alam; Faez Ahmed	2025	title_mismatch; author_mismatch	duplicate_arxiv_id
774	low	Datasets and Benchmarks	Dataset Papers	SldprtNet: A Large-Scale Multimodal Dataset for CAD Generation in Language-Driven 3D Design	Guo et al.	arXiv 2025	https://arxiv.org/abs/2603.13098	SldprtNet: A Large-Scale Multimodal Dataset for CAD Generation in Language-Driven 3D Design	Ruogu Li; Sikai Li; Yao Mu; Mingyu Ding	2026	author_mismatch; year_mismatch	
794	low	Datasets and Benchmarks	Dataset Papers	A Large-Scale Annotated Mechanical Components Benchmark for Classification and Retrieval Tasks with Deep Neural Networks	Kim et al.	ECCV 2020					missing_paper_url	
795	low	Datasets and Benchmarks	Dataset Papers	MFCAD: A Dataset of 3D CAD Models with Machining Feature Labels	Cao et al.	CAD Journal 2020					missing_paper_url	
799	low	Datasets and Benchmarks	Dataset Papers	SESYD: A Synthetic Document Database for Performance Evaluation	Delalandre et al.	DAS 2010	https://hal.inria.fr/inria-00516776				paper_url_error	
812	low	Datasets and Benchmarks	Benchmark Challenges	CAD Arena: Open Benchmark for AI-Generated Parametric CAD	CAD Arena Team	Online Platform 2025					missing_paper_url	
813	low	Datasets and Benchmarks	Benchmark Challenges	State Space Model For 3D Computer-Aided Design Generative Modeling	Authors	arXiv 2025	https://arxiv.org/abs/2603.00439	Mamba-CAD: State Space Model For 3D Computer-Aided Design Generative Modeling	Xueyang Li; Yunzhong Lou; Yu Song; Xiangdong Zhou	2026	author_readme_unknown; year_mismatch	duplicate_arxiv_id
843	low	Tools and Platforms	AI-Native CAD Platforms	Neural Concept: Physics- and Geometry-Aware AI Design Copilot for Engineering	Neural Concept	Technical Platform 2025					missing_paper_url	
844	low	Tools and Platforms	AI-Native CAD Platforms	Adam: AI-Native CAD Platform for Text-to-Parametric Design	Adam (YC W25)	Technical Platform 2025					missing_paper_url	
845	low	Tools and Platforms	AI-Native CAD Platforms	Leo AI: Large Mechanical Model for CAD-Aware Engineering Assistance	Leo AI	Technical Platform 2025					missing_paper_url	
846	low	Tools and Platforms	AI-Native CAD Platforms	Zoo.dev Text-to-CAD: Parametric CAD Generation via KCL Programming Language	Zoo (formerly KittyCAD)	Technical Platform 2024					missing_paper_url	
847	low	Tools and Platforms	AI-Native CAD Platforms	MecAgent: AI Copilot for Mechanical CAD Software Automation	MecAgent	Technical Platform 2024					missing_paper_url	
848	low	Tools and Platforms	AI-Native CAD Platforms	Luminary Cloud: Physics AI Factory for Real-Time Engineering Simulation	Luminary Cloud	Technical Platform 2024					missing_paper_url	
855	low	Tools and Platforms	Open-Source Tools and Frameworks	Tool-Using LLMs in Text-to-CAD	Yifei Gong, Xing Wu, Wenda Liu et al.	arXiv 2026	https://arxiv.org/abs/2604.07960	TOOLCAD: Exploring Tool-Using Large Language Models in Text-to-CAD Generation with Reinforcement Learning	Yifei Gong; Xing Wu; Wenda Liu; Kang Tu	2026	title_mismatch	duplicate_arxiv_id
856	low	Tools and Platforms	Open-Source Tools and Frameworks	Procedural 3D Generation with LLMs	Fadlullah Raji, Stefano Petrangeli, Matheus Gadelha et al.	arXiv 2026	https://arxiv.org/abs/2601.12234	Proc3D: Procedural 3D Generation and Parametric Editing of 3D Shapes with Large Language Models	Fadlullah Raji; Stefano Petrangeli; Matheus Gadelha; Yu Shen; Uttaran Bhattacharya; Gang Wu	2026	title_mismatch	duplicate_arxiv_id
895	low	Tools and Platforms	Research on AI Tools and Deployment	Is Academia Catching Up with Industry Demands? AI for CAE User Experience -- A Multivocal Literature Review	Authors et al.	arXiv 2025	https://arxiv.org/abs/2507.16586	AI for Better UX in Computer-Aided Engineering: Is Academia Catching Up with Industry Demands? A Multivocal Literature Review	Choro Ulan Uulu; Mikhail Kulyabin; Layan Etaiwi; Nuno Miguel Martins Pacheco; Jan Joosten; Kerstin Röse; Filippos Petridis; Jan Bosch; Helena Holmström Olsson	2025	title_mismatch; author_mismatch	
83	medium	Surveys		3D Shape Generation: A Survey	Zibo Zhao et al.	arXiv 2025	https://arxiv.org/abs/2506.22678	3D Shape Generation: A Survey	Nicolas Caytuiro; Ivan Sipiran	2025	author_mismatch	
84	medium	Surveys		A Survey on Deep Learning in 3D CAD Reconstruction	Ding et al.	Applied Sciences (MDPI) 2025	https://doi.org/10.3390/app15126681	A Survey on Deep Learning in 3D CAD Reconstruction	Ruiquan Lin; Yonggang Ji; Wanting Ding; Tianxiang Wu; Y. S. Zhu; Mengxi Jiang	2025	author_mismatch	
88	medium	Surveys		Applications of Artificial Intelligence in the AEC Industry: A Review	Zheng et al.	Journal of Asian Architecture and Building Engineering 2024	https://doi.org/10.1080/13467581.2024.2346257				non_arxiv_url_metadata_not_checked	
89	medium	Surveys		LLM4CAD: Multi-Modal Large Language Models for 3D Computer-Aided Design Generation	Various	ASME IDETC-CIE 2024	https://doi.org/10.1115/detc2024-143740	LLM4CAD: Multi-Modal Large Language Models for 3D Computer-Aided Design Generation	Xingang Li; Yuewan Sun; Zhenghui Sha	2024	author_readme_unknown	
131	medium	CAD Representations and Foundations		BRepFormer: AutoRegressive Generation with B-rep Holistic Token Sequence Representation	Xu et al.	arXiv 2026	https://arxiv.org/abs/2601.16771	AutoRegressive Generation with B-rep Holistic Token Sequence Representation	Jiahao Li; Yunpeng Bai; Yongkang Dai; Hao Guo; Hongping Gan; Yilei Shi	2026	author_mismatch	duplicate_arxiv_id
132	medium	CAD Representations and Foundations		Masked BRep Autoencoder via Hierarchical Graph Transformer	Xu et al.	arXiv 2026	https://arxiv.org/abs/2603.14927	Masked BRep Autoencoder via Hierarchical Graph Transformer	Yifei Li; Kang Wu; Wenming Wu; Xiao-Ming Fu	2026	author_mismatch	
133	medium	CAD Representations and Foundations		Iterative Program Editing for CAD Reverse Engineering	Chen et al.	arXiv 2026	https://arxiv.org/abs/2603.29847	CADReasoner: Iterative Program Editing for CAD Reverse Engineering	Soslan Kabisov; Vsevolod Kirichuk; Andrey Volkov; Gennadii Savrasov; Marina Barannikov; Anton Konushin; Andrey Kuznetsov; Dmitrii Zhemchuzhnikov	2026	author_mismatch	duplicate_arxiv_id
135	medium	CAD Representations and Foundations		Towards Text-based CAD Prototyping via Modality-Specific Tokenization	Chen et al.	arXiv 2025	https://arxiv.org/abs/2509.21150	CAD-Tokenizer: Towards Text-based CAD Prototyping via Modality-Specific Tokenization	Ruiyu Wang; Shizhao Sun; Weijian Ma; Jiang Bian	2025	author_mismatch	duplicate_arxiv_id
136	medium	CAD Representations and Foundations		A Language Model-Driven Multi-Agent System for Collaborative Design	Makatura et al.	arXiv 2025	https://arxiv.org/abs/2503.04417	From Idea to CAD: A Language Model-Driven Multi-Agent System for Collaborative Design	Felix Ocker; Stefan Menzel; Ahmed Sadik; Thiago Rios	2025	author_mismatch	duplicate_arxiv_id
137	medium	CAD Representations and Foundations		Generating Constructive Solid Geometry Instead of Meshes by Fine-Tuning a Code-Generation LLM	Skalic et al.	arXiv 2024	https://arxiv.org/abs/2411.15279	Don't Mesh with Me: Generating Constructive Solid Geometry Instead of Meshes by Fine-Tuning a Code-Generation LLM	Maximilian Mews; Ansar Aynetdinov; Vivian Schiller; Peter Eisert; Alan Akbik	2024	author_mismatch	
139	medium	CAD Representations and Foundations		D2CSG: Unsupervised Learning of Compact CSG Trees with Dual Complements and Dropouts	Kania et al.	NeurIPS 2023	https://arxiv.org/abs/2301.11497	D$^2$CSG: Unsupervised Learning of Compact CSG Trees with Dual Complements and Dropouts	Fenggen Yu; Qimin Chen; Maham Tanveer; Ali Mahdavi Amiri; Hao Zhang	2023	author_mismatch	
140	medium	CAD Representations and Foundations		Self-Supervised CAD Reconstruction by Learning Sketch-Extrude Operations	Ren et al.	arXiv 2023	https://arxiv.org/abs/2303.10613	SECAD-Net: Self-Supervised CAD Reconstruction by Learning Sketch-Extrude Operations	Pu Li; Jianwei Guo; Xiaopeng Zhang; Dong-ming Yan	2023	author_mismatch	
161	medium	2D CAD and Drawing Intelligence	Symbol Detection and Spotting	Relative Drawing Identification Complexity	Authors	arXiv 2025	https://arxiv.org/abs/2505.10583	Relative Drawing Identification Complexity is Invariant to Modality in Vision-Language Models	Diogo Freitas; Brigt Håvardstun; Cèsar Ferri; Darío Garigliotti; Jan Arne Telle; José Hernández-Orallo	2025	author_readme_unknown	
162	medium	2D CAD and Drawing Intelligence	Symbol Detection and Spotting	Architectural Practice Process and Artificial Intelligence	Authors	arXiv 2025	https://arxiv.org/abs/2507.23653	Architectural practice process and artificial intelligence -- an evolving practice	Mustapha El Moussaoui	2025	author_readme_unknown	
179	medium	2D CAD and Drawing Intelligence	Text and Annotation Extraction	A Hybrid Vision-Language Framework for Parsing 2D Engineering Drawings into Structured Manufacturing Knowledge	Authors	arXiv 2025	https://arxiv.org/abs/2506.17374	From Drawings to Decisions: A Hybrid Vision-Language Framework for Parsing 2D Engineering Drawings into Structured Manufacturing Knowledge	Muhammad Tayyab Khan; Lequn Chen; Zane Yong; Jun Ming Tan; Wenhe Feng; Seung Ki Moon	2025	author_readme_unknown	
186	medium	2D CAD and Drawing Intelligence	Drawing Understanding and Benchmarks	Blueprint	Authors	arXiv 2026	https://arxiv.org/abs/2602.13345	BLUEPRINT Rebuilding a Legacy: Multimodal Retrieval for Complex Engineering Drawings and Documents	Ethan Seefried; Ran Eldegaway; Sanjay Das; Nathaniel Blanchard; Tirthankar Ghosal	2026	author_readme_unknown	
187	medium	2D CAD and Drawing Intelligence	Drawing Understanding and Benchmarks	Advancing Multimodal LLM Evaluation of Engineering Documentation	Authors	arXiv 2026	https://arxiv.org/abs/2604.09552	MCERF: Advancing Multimodal LLM Evaluation of Engineering Documentation with Enhanced Retrieval	Kiarash Naghavi Khanghah; Hoang Anh Nguyen; Anna C. Doris; Amir Mohammad Vahedi; Daniele Grandi; Faez Ahmed; Hongyi Xu	2026	author_readme_unknown	
203	medium	2D CAD and Drawing Intelligence	Compliance Checking	Automatic Building Code Review	Authors	arXiv 2025	https://arxiv.org/abs/2510.02634	Automatic Building Code Review: A Case Study	Hanlong Wan; Weili Xu; Michael Rosenberg; Jian Zhang; Aysha Siddika	2025	author_readme_unknown	
210	medium	2D CAD and Drawing Intelligence	Floor Plan and Drawing Generation	Unified Vector Floorplan Generation via Markup Representation	Authors	arXiv 2026	https://arxiv.org/abs/2604.04859	Unified Vector Floorplan Generation via Markup Representation	Kaede Shiohara; Toshihiko Yamasaki	2026	author_readme_unknown	
211	medium	2D CAD and Drawing Intelligence	Floor Plan and Drawing Generation	A Two-Level Codebook Based Network for End-to-End Vector Floorplan Generation	Authors	arXiv 2026	https://arxiv.org/abs/2602.07100	TLC-Plan: A Two-Level Codebook Based Network for End-to-End Vector Floorplan Generation	Biao Xiong; Zhen Peng; Ping Wang; Qiegen Liu; Xian Zhong	2026	author_readme_unknown	
213	medium	2D CAD and Drawing Intelligence	Floor Plan and Drawing Generation	Controllable End-to-End Vector Floor Plan Generation	Authors	arXiv 2026	https://arxiv.org/abs/2602.20377	Directly from Alpha to Omega: Controllable End-to-End Vector Floor Plan Generation	Shidong Wang; Renato Pajarola	2026	author_readme_unknown	
217	medium	2D CAD and Drawing Intelligence	Floor Plan and Drawing Generation	Computer-Aided Layout Generation for Building Design: A Survey	Authors	Computational Visual Media 2025	https://arxiv.org/abs/2504.09694	Computer-Aided Layout Generation for Building Design: A Review	Jiachen Liu; Yuan Xue; Haomiao Ni; Rui Yu; Zihan Zhou; Sharon X. Huang	2025	author_readme_unknown	
226	medium	2D CAD and Drawing Intelligence	Vectorization and Digitization	FloorplanVLM: A Vision-Language Model for Floorplan Vectorization	Authors	arXiv 2026	https://arxiv.org/abs/2602.06507	FloorplanVLM: A Vision-Language Model for Floorplan Vectorization	Yuanqing Liu; Ziming Yang; Yulong Li; Yue Yang	2026	author_readme_unknown	
229	medium	2D CAD and Drawing Intelligence	Vectorization and Digitization	Enhancing Structured Reasoning for Vector Graphics Generation with Reinforcement Learning	Authors	CVPR 2026	https://arxiv.org/abs/2505.24499	Reason-SVG: Enhancing Structured Reasoning for Vector Graphics Generation with Reinforcement Learning	Ximing Xing; Ziteng Xue; Yandong Guan; Jing Zhang; Dong Xu; Qian Yu	2025	author_readme_unknown	
230	medium	2D CAD and Drawing Intelligence	Vectorization and Digitization	Rendering-Aware Reinforcement Learning for Vector Graphics Generation	Authors	arXiv 2025	https://arxiv.org/abs/2505.20793	Rendering-Aware Reinforcement Learning for Vector Graphics Generation	Juan A. Rodriguez; Haotian Zhang; Abhay Puri; Aarash Feizi; Rishav Pramanik; Pascal Wichmann; Arnab Mondal; Mohammad Reza Samsami; Rabiul Awal; Perouz Taslakian; Spandana Gella; Sai Rajeswar; David Vazquez; Christopher Pal; Marco Pedersoli	2025	author_readme_unknown	
231	medium	2D CAD and Drawing Intelligence	Vectorization and Digitization	Vector Graphic Animation via Neural Implicits and Video Diffusion Priors	Authors	arXiv 2025	https://arxiv.org/abs/2509.07484	LINR Bridge: Vector Graphic Animation via Neural Implicits and Video Diffusion Priors	Wenshuo Gao; Xicheng Lan; Luyao Zhang; Shuai Yang	2025	author_readme_unknown	
233	medium	2D CAD and Drawing Intelligence	Vectorization and Digitization	Evaluating Large Language Models on Vector Graphics Understanding and Generation	Authors	arXiv 2024	https://arxiv.org/abs/2407.10972	VGBench: Evaluating Large Language Models on Vector Graphics Understanding and Generation	Bocheng Zou; Mu Cai; Jianrui Zhang; Yong Jae Lee	2024	author_readme_unknown	
241	medium	2D CAD and Drawing Intelligence	P&ID Diagram Intelligence	GraphRAG for Engineering Diagrams	Jan Marius Stürmer, Tobias Koch	arXiv 2026	https://arxiv.org/abs/2603.22528	GraphRAG for Engineering Diagrams: ChatP&ID Enables LLM Interaction with P&IDs	Achmad Anggawirya Alimin; Artur M. Schweidtmann	2026	author_mismatch	
247	medium	2D CAD and Drawing Intelligence	P&ID Diagram Intelligence	Rule-Based Autocorrection of Piping and Instrumentation Diagrams (P&IDs) on Graphs	Authors	arXiv 2025	https://arxiv.org/abs/2502.18493	Rule-based autocorrection of Piping and Instrumentation Diagrams (P&IDs) on graphs	Lukas Schulze Balhorn; Niels Seijsener; Kevin Dao; Minji Kim; Dominik P. Goldstein; Ge H. M. Driessen; Artur M. Schweidtmann	2025	author_readme_unknown	
248	medium	2D CAD and Drawing Intelligence	P&ID Diagram Intelligence	Accelerating Manufacturing Scale-Up from Material Discovery Using Agentic Web Navigation and Retrieval-Augmented AI for Process Engineering Schematics Design	Authors	arXiv 2024	https://arxiv.org/abs/2412.05937	Accelerating Manufacturing Scale-Up from Material Discovery Using Agentic Web Navigation and Retrieval-Augmented AI for Process Engineering Schematics Design	Sakhinana Sagar Srinivas; Akash Das; Shivam Gupta; Venkataramana Runkana	2024	author_readme_unknown	
259	medium	2D CAD and Drawing Intelligence	Electrical and Circuit Schematics	CircuitLM: A Multi-Agent LLM-Aided Design Framework for Generating Circuit Schematics from Natural Language Prompts	Authors	arXiv 2026	https://arxiv.org/abs/2601.04505	CircuitLM: A Multi-Agent LLM-Aided Design Framework for Generating Circuit Schematics from Natural Language Prompts	Khandakar Shakib Al Hasan; Syed Rifat Raiyan; Hasin Mahtab Alvee; Wahid Sadik	2026	author_readme_unknown	
260	medium	2D CAD and Drawing Intelligence	Electrical and Circuit Schematics	PCBSchemaGen: Constraint-Guided Schematic Design via LLM for Printed Circuit Boards	Authors	arXiv 2026	https://arxiv.org/abs/2602.00510	PCBSchemaGen: Constraint-Guided Schematic Design via LLM for Printed Circuit Boards (PCB)	Huanghaohe Zou; Peng Han; Emad Nazerian; Alex Q. Huang	2026	author_readme_unknown	
261	medium	2D CAD and Drawing Intelligence	Electrical and Circuit Schematics	Agentic Hardware Design Reviews	AllSpice Inc.	arXiv 2026	https://arxiv.org/abs/2603.15672	DRCY: Agentic Hardware Design Reviews	Kyle Dumont; Nicholas Herbert; Hayder Tirmazi; Shrikanth Upadhayaya	2026	author_mismatch	
262	medium	2D CAD and Drawing Intelligence	Electrical and Circuit Schematics	Component Centric Placement Using Deep Reinforcement Learning for PCB Design	Authors	arXiv 2026	https://arxiv.org/abs/2602.23540	Component Centric Placement Using Deep Reinforcement Learning	Kart Leong Lim	2026	author_readme_unknown	
271	medium	2D CAD and Drawing Intelligence	Architectural Floor Plan Analysis	Raster2Seq: Polygon Sequence Generation for Floorplan Reconstruction	Authors	arXiv 2026	https://arxiv.org/abs/2602.09016	Raster2Seq: Polygon Sequence Generation for Floorplan Reconstruction	Hao Phung; Hadar Averbuch-Elor	2026	author_readme_unknown	
272	medium	2D CAD and Drawing Intelligence	Architectural Floor Plan Analysis	A Fully Automated Hybrid Learning Scan-to-BIM Pipeline with Integrated Topology Refinement	Authors	arXiv 2026	https://arxiv.org/abs/2604.24311	BIMStruct3D: A Fully Automated Hybrid Learning Scan-to-BIM Pipeline with Integrated Topology Refinement	Mahdi Chamseddine; Fabian Kaufmann; Marius Schellen; Christian Glock; Didier Stricker; Jason Rambach	2026	author_readme_unknown	
275	medium	2D CAD and Drawing Intelligence	Architectural Floor Plan Analysis	A Multi-Agent Human-AI Collaborative Pipeline to Convert Hand-Drawn Floor Plans to 3D BIM	Authors	arXiv 2025	https://arxiv.org/abs/2510.20838	Sketch2BIM: A Multi-Agent Human-AI Collaborative Pipeline to Convert Hand-Drawn Floor Plans to 3D BIM	Abir Khan Ratul; Sanjay Acharjee; Somin Park; Md Nazmus Sakib	2025	author_readme_unknown	
276	medium	2D CAD and Drawing Intelligence	Architectural Floor Plan Analysis	Graph Similarity Learning of Floor Plans	Authors	arXiv 2025	https://arxiv.org/abs/2509.03737	LayoutGKN: Graph Similarity Learning of Floor Plans	Casper van Engelenburg; Jan van Gemert; Seyran Khademi	2025	author_readme_unknown	
277	medium	2D CAD and Drawing Intelligence	Architectural Floor Plan Analysis	Cloud2BIM: Open-source Automatic Pipeline for Efficient Conversion of Large-scale Point Clouds to IFC Format	Authors	arXiv 2025	https://arxiv.org/abs/2503.11498	Open-source automatic pipeline for efficient conversion of large-scale point clouds to IFC format	Slávek Zbirovský; Václav Nežerka	2025	author_readme_unknown	
297	medium	3D CAD Generation and Reconstruction	Autoregressive Sequence Models	Img2CAD: Conditioned 3D CAD Model Generation from Single Image with Structured Visual Geometry	Authors	arXiv 2024	https://arxiv.org/abs/2410.03417	Img2CAD: Conditioned 3D CAD Model Generation from Single Image with Structured Visual Geometry	Tianrun Chen; Chunan Yu; Yuanqi Hu; Jing Li; Tao Xu; Runlong Cao; Lanyun Zhu; Ying Zang; Yong Zhang; Zejian Li; Linyun Sun	2024	author_readme_unknown	
298	medium	3D CAD Generation and Reconstruction	Autoregressive Sequence Models	Img2CAD: Reverse Engineering 3D CAD Models from Images through VLM-Assisted Conditional Factorization	Authors	arXiv 2024	https://arxiv.org/abs/2408.01437	Img2CAD: Reverse Engineering 3D CAD Models from Images through VLM-Assisted Conditional Factorization	Yang You; Mikaela Angelina Uy; Jiaqi Han; Rahul Thomas; Haotong Zhang; Yi Du; Hansheng Chen; Francis Engelmann; Suya You; Leonidas Guibas	2024	author_readme_unknown	
299	medium	3D CAD Generation and Reconstruction	Autoregressive Sequence Models	ContrastCAD: Contrastive Learning-based Representation Learning for Computer-Aided Design Models	Kim et al.	arXiv 2024	https://arxiv.org/abs/2404.01645	ContrastCAD: Contrastive Learning-based Representation Learning for Computer-Aided Design Models	Minseop Jung; Minseong Kim; Jibum Kim	2024	author_mismatch	
306	medium	3D CAD Generation and Reconstruction	Diffusion-Based Generation	Feasibility Enhancement for 3D CAD Generation	Authors	arXiv 2025	https://arxiv.org/abs/2505.23287	GenCAD-Self-Repairing: Feasibility Enhancement for 3D CAD Generation	Chikaha Tsuji; Enrique Flores Medina; Harshit Gupta; Md Ferdous Alam	2025	author_readme_unknown	
307	medium	3D CAD Generation and Reconstruction	Diffusion-Based Generation	Physically Grounded 3D Shape Generation for Industrial Design	Mezghanni et al.	arXiv 2025	https://arxiv.org/abs/2512.00422	PhysGen: Physically Grounded 3D Shape Generation for Industrial Design	Yingxuan You; Chen Zhao; Hantao Zhang; Ming Xu; Pascal Fua	2025	author_mismatch	
315	medium	3D CAD Generation and Reconstruction	LLM and VLM-Based Generation	PR-CAD	Chen et al.	ICLR 2026	https://arxiv.org/abs/2604.19773	PR-CAD: Progressive Refinement for Unified Controllable and Faithful Text-to-CAD Generation with Large Language Models	Jiyuan An; Jiachen Zhao; Fan Chen; Liner Yang; Zhenghao Liu; Hongyan Wang; Weihua An; Meishan Zhang; Erhong Yang	2026	author_mismatch	
316	medium	3D CAD Generation and Reconstruction	LLM and VLM-Based Generation	Learning Hierarchical and Geometry-Aware Graph Representations for Text-to-CAD	Zhang et al.	ICLR 2026	https://arxiv.org/abs/2604.10075	Learning Hierarchical and Geometry-Aware Graph Representations for Text-to-CAD	Shengjie Gong; Wenjie Peng; Hongyuan Chen; Gangyu Zhang; Yunqing Hu; Huiyuan Zhang; Shuangping Huang; Tianshui Chen	2026	author_mismatch	
322	medium	3D CAD Generation and Reconstruction	LLM and VLM-Based Generation	CAD-Coder	Wang et al.	arXiv 2025	https://arxiv.org/abs/2505.08686	CAD-Coder:Text-Guided CAD Files Code Generation	Changqi He; Shuhan Zhang; Liguo Zhang; Jiajun Miao	2025	author_mismatch	
331	medium	3D CAD Generation and Reconstruction	Reinforcement Learning-Enhanced Generation	CME-CAD	Zhang et al.	arXiv 2025	https://arxiv.org/abs/2512.23333	CME-CAD: Heterogeneous Collaborative Multi-Expert Reinforcement Learning for CAD Code Generation	Ke Niu; Haiyang Yu; Zhuofan Chen; Zhengtao Yao; Weitao Jia; Xiaodong Ge; Jingqun Tang; Benlei Cui; Bin Li; Xiangyang Xue	2025	author_mismatch	
356	medium	3D CAD Generation and Reconstruction	Point Cloud to CAD	Fast Curvature Regularization of Neural SDFs for CAD Models	Kang et al.	arXiv 2025	https://arxiv.org/abs/2506.16627	FlatCAD: Fast Curvature Regularization of Neural SDFs for CAD Models	Haotian Yin; Aleksander Plocharski; Michal Jan Wlodarczyk; Mikolaj Kida; Przemyslaw Musialski	2025	author_mismatch	
358	medium	3D CAD Generation and Reconstruction	Point Cloud to CAD	NeurCADRecon	Kang et al.	SIGGRAPH 2024	https://arxiv.org/abs/2404.13420	NeurCADRecon: Neural Representation for Reconstructing CAD Surfaces by Enforcing Zero Gaussian Curvature	Qiujie Dong; Rui Xu; Pengfei Wang; Shuangmin Chen; Shiqing Xin; Xiaohong Jia; Wenping Wang; Changhe Tu	2024	author_mismatch	
361	medium	3D CAD Generation and Reconstruction	Point Cloud to CAD	PS-CAD	Authors	ACM TOG 2024	https://arxiv.org/abs/2405.15188	PS-CAD: Local Geometry Guidance via Prompting and Selection for CAD Reconstruction	Bingchen Yang; Haiyong Jiang; Hao Pan; Peter Wonka; Jun Xiao; Guosheng Lin	2024	author_readme_unknown	
362	medium	3D CAD Generation and Reconstruction	Point Cloud to CAD	P2CADNet	Zhang et al.	arXiv 2023	https://arxiv.org/abs/2310.02638	P2CADNet: An End-to-End Reconstruction Network for Parametric 3D CAD Model from Point Clouds	Zhihao Zong; Fazhi He; Rubin Fan; Yuxin Liu	2023	author_mismatch	
372	medium	3D CAD Generation and Reconstruction	Image to CAD	ProcGen3D	Gao et al.	arXiv 2025	https://arxiv.org/abs/2511.07142	ProcGen3D: Learning Neural Procedural Graph Representations for Image-to-3D Reconstruction	Xinyi Zhang; Daoyi Gao; Naiqi Li; Angela Dai	2025	author_mismatch	
382	medium	3D CAD Generation and Reconstruction	Sketch to CAD	Learning Multimodal Feature-Enhanced Diffusion Models for Zero-Shot Sketch-Based 3D Shape Retrieval	Authors	arXiv 2026	https://arxiv.org/abs/2604.19135	Diff-SBSR: Learning Multimodal Feature-Enhanced Diffusion Models for Zero-Shot Sketch-Based 3D Shape Retrieval	Hang Cheng; Fanhe Dong; Long Zeng	2026	author_readme_unknown	
385	medium	3D CAD Generation and Reconstruction	Sketch to CAD	Efficient CAD Parametric Primitive Analysis with Progressive Hierarchical Tuning	Authors	arXiv 2025	https://arxiv.org/abs/2503.18147	PHT-CAD: Efficient CAD Parametric Primitive Analysis with Progressive Hierarchical Tuning	Ke Niu; Yuwen Chen; Haiyang Yu; Zhuofan Chen; Xianghui Que; Bin Li; Xiangyang Xue	2025	author_readme_unknown	
386	medium	3D CAD Generation and Reconstruction	Sketch to CAD	Sketch-Driven 3D Model Generation	Authors	arXiv 2025	https://arxiv.org/abs/2505.04185	S3D: Sketch-Driven 3D Model Generation	Hail Song; Wonsik Shin; Naeun Lee; Soomin Chung; Nojun Kwak; Woontack Woo	2025	author_readme_unknown	
387	medium	3D CAD Generation and Reconstruction	Sketch to CAD	DAVINCI: A Single-Stage Architecture for Constrained CAD Sketch Inference	Mallis et al.	BMVC 2024	https://arxiv.org/abs/2410.22857	DAVINCI: A Single-Stage Architecture for Constrained CAD Sketch Inference	Ahmet Serdar Karadeniz; Dimitrios Mallis; Nesryne Mejri; Kseniya Cherenkova; Anis Kacem; Djamila Aouada	2024	author_mismatch	
388	medium	3D CAD Generation and Reconstruction	Sketch to CAD	Parametric Primitive Analysis of CAD Sketches with Vision Transformer	Li et al.	arXiv 2024	https://arxiv.org/abs/2407.00410	Parametric Primitive Analysis of CAD Sketches with Vision Transformer	Xiaogang Wang; Liang Wang; Hongyu Wu; Guoqiang Xiao; Kai Xu	2024	author_mismatch	
391	medium	3D CAD Generation and Reconstruction	Sketch to CAD	3D Modeling from Free-hand Sketches with View- and Structural-Aware Adversarial Training	Authors	arXiv 2023	https://arxiv.org/abs/2312.04435	Deep3DSketch: 3D modeling from Free-hand Sketches with View- and Structural-Aware Adversarial Training	Tianrun Chen; Chenglong Fu; Lanyun Zhu; Papa Mao; Jia Zhang; Ying Zang; Lingyun Sun	2023	author_readme_unknown	
397	medium	3D CAD Generation and Reconstruction	CAD Editing	CAD-Editor	Li et al.	arXiv 2025	https://arxiv.org/abs/2502.03997	CAD-Editor: A Locate-then-Infill Framework with Automated Training Data Synthesis for Text-Based CAD Editing	Yu Yuan; Shizhao Sun; Qi Liu; Jiang Bian	2025	author_mismatch	
399	medium	3D CAD Generation and Reconstruction	CAD Editing	GenPara	Li et al.	arXiv 2025	https://arxiv.org/abs/2503.14096	GenPara: Enhancing the 3D Design Editing Process by Inferring Users' Regions of Interest with Text-Conditional Shape Parameters	Jiin Choi; Seung Won Lee; Kyung Hoon Hyun	2025	author_mismatch	
401	medium	3D CAD Generation and Reconstruction	CAD Editing	ParSEL	Huang et al.	arXiv 2024	https://arxiv.org/abs/2405.20319	ParSEL: Parameterized Shape Editing with Language	Aditya Ganeshan; Ryan Y. Huang; Xianghao Xu; R. Kenny Jones; Daniel Ritchie	2024	author_mismatch	
402	medium	3D CAD Generation and Reconstruction	CAD Editing	Zero-shot CAD Program Re-Parameterization	Cascaval et al.	arXiv 2023	https://arxiv.org/abs/2306.03217	Zero-shot CAD Program Re-Parameterization for Interactive Manipulation	Milin Kodnongbua; Benjamin T. Jones; Maaz Bin Safeer Ahmad; Vladimir G. Kim; Adriana Schulz	2023	author_mismatch	
408	medium	3D CAD Generation and Reconstruction	Assembly Generation	Error Notebook-Guided, Training-Free Part Retrieval in 3D CAD Assemblies via Vision-Language Models	Tan et al.	ICLR 2026	https://arxiv.org/abs/2509.01350	Error Notebook-Guided, Training-Free Part Retrieval in 3D CAD Assemblies via Vision-Language Models	Yunqing Liu; Nan Zhang; Zhiming Tan	2025	author_mismatch	
410	medium	3D CAD Generation and Reconstruction	Assembly Generation	Human-Crafted 3D Primitive Assembly Generation with Auto-Regressive Transformer	Authors	arXiv 2025	https://arxiv.org/abs/2505.04622	PrimitiveAnything: Human-Crafted 3D Primitive Assembly Generation with Auto-Regressive Transformer	Jingwen Ye; Yuze He; Yanning Zhou; Yiqin Zhu; Kaiwen Xiao; Yong-Jin Liu; Wei Yang; Xiao Han	2025	author_readme_unknown	
411	medium	3D CAD Generation and Reconstruction	Assembly Generation	Diverse Part Synthesis for 3D Shape Creation	Koo et al.	arXiv 2024	https://arxiv.org/abs/2401.09384	Diverse Part Synthesis for 3D Shape Creation	Yanran Guan; Oliver van Kaick	2024	author_mismatch	
413	medium	3D CAD Generation and Reconstruction	Assembly Generation	Unsupervised 3D Shape Reconstruction by Part Retrieval and Assembly	Authors	arXiv 2023	https://arxiv.org/abs/2303.01999	Unsupervised 3D Shape Reconstruction by Part Retrieval and Assembly	Xianghao Xu; Paul Guerrero; Matthew Fisher; Siddhartha Chaudhuri; Daniel Ritchie	2023	author_readme_unknown	
419	medium	3D CAD Generation and Reconstruction	Shape Programs and Procedural Generation	Example-driven Visual Program Learning for Generating 3D Object Arrangements	Hu et al.	3DV 2025 (Oral)	https://arxiv.org/abs/2408.02211	SceneMotifCoder: Example-driven Visual Program Learning for Generating 3D Object Arrangements	Hou In Ivan Tam; Hou In Derek Pun; Austin T. Wang; Angel X. Chang; Manolis Savva	2024	author_mismatch	
420	medium	3D CAD Generation and Reconstruction	Shape Programs and Procedural Generation	GEMA: Generative Medial Abstractions for 3D Shape Synthesis	Stekovic et al.	arXiv 2024	https://arxiv.org/abs/2402.16994	GEM3D: GEnerative Medial Abstractions for 3D Shape Synthesis	Dmitry Petrov; Pradyumn Goyal; Vikas Thamizharasan; Vladimir G. Kim; Matheus Gadelha; Melinos Averkiou; Siddhartha Chaudhuri; Evangelos Kalogerakis	2024	author_mismatch	
421	medium	3D CAD Generation and Reconstruction	Shape Programs and Procedural Generation	Discovering Abstractions for Visual Programs from Unstructured Primitives	Bowers et al.	arXiv 2023	https://arxiv.org/abs/2305.05661	ShapeCoder: Discovering Abstractions for Visual Programs from Unstructured Primitives	R. Kenny Jones; Paul Guerrero; Niloy J. Mitra; Daniel Ritchie	2023	author_mismatch	
422	medium	3D CAD Generation and Reconstruction	Shape Programs and Procedural Generation	Learning to Infer 3D Shape Programs with Differentiable Renderer	Liu et al.	arXiv 2022	https://arxiv.org/abs/2206.12675	Learning to Infer 3D Shape Programs with Differentiable Renderer	Yichao Liang	2022	author_mismatch	
423	medium	3D CAD Generation and Reconstruction	Shape Programs and Procedural Generation	Interpretable Shape Programs	Jones et al.	arXiv 2022	https://arxiv.org/abs/2212.11715	GeoCode: Interpretable Shape Programs	Ofek Pearl; Itai Lang; Yuhua Hu; Raymond A. Yeh; Rana Hanocka	2022	author_mismatch	
429	medium	3D CAD Generation and Reconstruction	Shape Completion	3D Shape Completion with Latent Diffusion Models	Authors	arXiv 2024	https://arxiv.org/abs/2403.12470	SC-Diff: 3D Shape Completion with Latent Diffusion Models	Simon Schaefer; Juan D. Galvis; Xingxing Zuo; Stefan Leutengger	2024	author_readme_unknown	
430	medium	3D CAD Generation and Reconstruction	Shape Completion	Partial Object Completion with SDF Latent Transformers	Authors	arXiv 2024	https://arxiv.org/abs/2411.05419	POC-SLT: Partial Object Completion with SDF Latent Transformers	Faezeh Zakeri; Raphael Braun; Lukas Ruppert; Henrik P. A. Lensch	2024	author_readme_unknown	
431	medium	3D CAD Generation and Reconstruction	Shape Completion	A Spatial-Aware Generative Model for 3D Shape Completion, Reconstruction, and Generation	Authors	arXiv 2024	https://arxiv.org/abs/2403.18241	NeuSDFusion: A Spatial-Aware Generative Model for 3D Shape Completion, Reconstruction, and Generation	Ruikai Cui; Weizhe Liu; Weixuan Sun; Senbo Wang; Taizhang Shang; Yang Li; Xibin Song; Han Yan; Zhennan Wu; Shenzhou Chen; Hongdong Li; Pan Ji	2024	author_readme_unknown	
435	medium	3D CAD Generation and Reconstruction	NURBS and Surface Modeling	Flexible Neural Surface Parameterization	Authors	arXiv 2025	https://arxiv.org/abs/2504.19210	FlexPara: Flexible Neural Surface Parameterization	Yuming Zhao; Qijian Zhang; Junhui Hou; Jiazhi Xia; Wenping Wang; Ying He	2025	author_readme_unknown	
436	medium	3D CAD Generation and Reconstruction	NURBS and Surface Modeling	Neural Parametric Surfaces for Shape Modeling	Mehta et al.	arXiv 2023	https://arxiv.org/abs/2309.09911	Neural Parametric Surfaces for Shape Modeling	Lei Yang; Yongqing Liang; Xin Li; Congyi Zhang; Guying Lin; Alla Sheffer; Scott Schaefer; John Keyser; Wenping Wang	2023	author_mismatch	
441	medium	3D CAD Generation and Reconstruction	Multi-Modal CAD Generation	Captioning and Generating 3D Content via Multi-modal Large Language Models	Authors	arXiv 2026	https://arxiv.org/abs/2601.21798	CG-MLLM: Captioning and Generating 3D content via Multi-modal Large Language Models	Junming Huang; Chi Wang; Letian Li; Guangkai Xu; Donglin Huang; Hao Chen; Qiang Dai; Weiwei Xu	2026	author_readme_unknown	
442	medium	3D CAD Generation and Reconstruction	Multi-Modal CAD Generation	Text-Image Conditioned 3D Generation	Authors	arXiv 2026	https://arxiv.org/abs/2603.21295	Text-Image Conditioned 3D Generation	Jiazhong Cen; Jiemin Fang; Sikuang Li; Guanjun Wu; Chen Yang; Taoran Yi; Zanwei Zhou; Zhikuan Bao; Lingxi Xie; Wei Shen; Qi Tian	2026	author_readme_unknown	
444	medium	3D CAD Generation and Reconstruction	Multi-Modal CAD Generation	Collaborative Multi-Modal Coding for High-Quality 3D Generation	Authors	arXiv 2025	https://arxiv.org/abs/2508.15228	Collaborative Multi-Modal Coding for High-Quality 3D Generation	Ziang Cao; Zhaoxi Chen; Liang Pan; Ziwei Liu	2025	author_readme_unknown	
449	medium	3D CAD Generation and Reconstruction	Procedural and Constraint-Based Generation	Procedural Material Generation with Large Vision-Language Models	Authors	arXiv 2025	https://arxiv.org/abs/2501.18623	VLMaterial: Procedural Material Generation with Large Vision-Language Models	Beichen Li; Rundi Wu; Armando Solar-Lezama; Changxi Zheng; Liang Shi; Bernd Bickel; Wojciech Matusik	2025	author_readme_unknown	
450	medium	3D CAD Generation and Reconstruction	Procedural and Constraint-Based Generation	FeaGPT: An End-to-End Agentic AI for Finite Element Analysis	Authors	arXiv 2025	https://arxiv.org/abs/2510.21993	FeaGPT: an End-to-End agentic-AI for Finite Element Analysis	Yupeng Qi; Ran Xu; Xu Chu	2025	author_readme_unknown	
451	medium	3D CAD Generation and Reconstruction	Procedural and Constraint-Based Generation	Leveraging Automatic CAD Annotations for Supervised Learning in 3D Scene Understanding	Authors	arXiv 2025	https://arxiv.org/abs/2504.13580	Leveraging Automatic CAD Annotations for Supervised Learning in 3D Scene Understanding	Yuchen Rao; Stefan Ainetter; Sinisa Stekovic; Vincent Lepetit; Friedrich Fraundorfer	2025	author_readme_unknown	
452	medium	3D CAD Generation and Reconstruction	Procedural and Constraint-Based Generation	A Software Engineering-Inspired Shape Grammar for Durand's Plates	Authors	arXiv 2024	https://arxiv.org/abs/2404.14448	Object-Oriented Architecture: A Software Engineering-Inspired Shape Grammar for Durands Plates	Rohan Agarwal	2024	author_readme_unknown	
453	medium	3D CAD Generation and Reconstruction	Procedural and Constraint-Based Generation	A Review on Geometric Constraint Solving	Gao et al.	ASME JCISE 2022	https://arxiv.org/abs/2202.13795	A review on geometric constraint solving	Qiang Zou; Zhihong Tang; Hsi-Yung Feng; Shuming Gao; Chenchu Zhou; Yusheng Liu	2022	author_mismatch	
465	medium	CAD Understanding and Retrieval	B-Rep Representation Learning	Pointer-CAD: Unifying B-Rep and Command Sequences via Pointer-based Edges & Faces Selection	Tianzhe Chu, Yuxiao Yang, Hao Pan et al.	CVPR 2026	https://arxiv.org/abs/2603.04337	Pointer-CAD: Unifying B-Rep and Command Sequences via Pointer-based Edges & Faces Selection	Dacheng Qi; Chenyu Wang; Jingwei Xu; Tianzhe Chu; Zibo Zhao; Wen Liu; Wenrui Ding; Yi Ma; Shenghua Gao	2026	author_mismatch	
466	medium	CAD Understanding and Retrieval	B-Rep Representation Learning	Joint B-Rep Generation via Compositional k-Cell Particles	Authors	arXiv 2026	https://arxiv.org/abs/2601.17733	Flatten The Complex: Joint B-Rep Generation via Compositional $k$-Cell Particles	Junran Lu; Yuanqi Li; Hengji Li; Jie Guo; Yanwen Guo	2026	author_readme_unknown	duplicate_arxiv_id
468	medium	CAD Understanding and Retrieval	B-Rep Representation Learning	Boundary and Shape Representation Alignment via Self-Supervised Transformers	Authors	arXiv 2026	https://arxiv.org/abs/2602.07429	Brep2Shape: Boundary and Shape Representation Alignment via Self-Supervised Transformers	Yuanxu Sun; Yuezhou Ma; Haixu Wu; Guanyang Zeng; Muye Chen; Jianmin Wang; Mingsheng Long	2026	author_readme_unknown	
469	medium	CAD Understanding and Retrieval	B-Rep Representation Learning	MiCADangelo: Fine-Grained Reconstruction of Constrained CAD Models from 3D Scans	Milin Kodnongbua, Benjamin Jones, Adriana Schulz et al.	NeurIPS 2025	https://arxiv.org/abs/2510.23429	MiCADangelo: Fine-Grained Reconstruction of Constrained CAD Models from 3D Scans	Ahmet Serdar Karadeniz; Dimitrios Mallis; Danila Rukhovich; Kseniya Cherenkova; Anis Kacem; Djamila Aouada	2025	author_mismatch	
488	medium	CAD Understanding and Retrieval	Machining Feature Recognition	Leveraging Vision-Language Models for Manufacturing Feature Recognition in CAD Designs	Lequn Chen, Muhammad Tayyab Khan, Ye Han Ng et al.	arXiv 2024	https://arxiv.org/abs/2411.02810	Leveraging Vision-Language Models for Manufacturing Feature Recognition in CAD Designs	Muhammad Tayyab Khan; Lequn Chen; Ye Han Ng; Wenhe Feng; Nicholas Yew Jin Tan; Seung Ki Moon	2024	author_mismatch	
491	medium	CAD Understanding and Retrieval	Machining Feature Recognition	Simplified Learning of CAD Features Leveraging a Deep Residual Autoencoder	Authors	arXiv 2022	https://arxiv.org/abs/2202.10099	Simplified Learning of CAD Features Leveraging a Deep Residual Autoencoder	Raoul Schönhof; Jannes Elstner; Radu Manea; Steffen Tauber; Ramez Awad; Marco F. Huber	2022	author_readme_unknown	
492	medium	CAD Understanding and Retrieval	Machining Feature Recognition	Geometry based Machining Feature Retrieval with Inductive Transfer Learning	Sai Sree Harsha, Bharadwaj Manda, Ramanathan Muthuganapathy	arXiv 2021	https://arxiv.org/abs/2108.11838	Geometry Based Machining Feature Retrieval with Inductive Transfer Learning	N S Kamal; Barathi Ganesh HB; Sajith Variyar VV; Sowmya V; Soman KP	2021	author_mismatch	
493	medium	CAD Understanding and Retrieval	Machining Feature Recognition	A Learning-based Approach to Feature Recognition of Engineering Shapes	Authors	arXiv 2021	https://arxiv.org/abs/2112.07962	A learning-based approach to feature recognition of Engineering shapes	Lakshmi Priya Muraleedharan; Ramanathan Muthuganapathy	2021	author_readme_unknown	
501	medium	CAD Understanding and Retrieval	CAD Model Retrieval	SCA3D: Enhancing Cross-modal 3D Retrieval via 3D Shape and Caption Paired Data Augmentation	Authors	arXiv 2025	https://arxiv.org/abs/2502.19128	SCA3D: Enhancing Cross-modal 3D Retrieval via 3D Shape and Caption Paired Data Augmentation	Junlong Ren; Hao Wu; Hui Xiong; Hao Wang	2025	author_readme_unknown	
503	medium	CAD Understanding and Retrieval	CAD Model Retrieval	Leveraging Cross-View Correspondence and Cross-Modal Mining for 3D Retrieval	Authors	arXiv 2024	https://arxiv.org/abs/2405.04103	COM3D: Leveraging Cross-View Correspondence and Cross-Modal Mining for 3D Retrieval	Hao Wu; Ruochong LI; Hao Wang; Hui Xiong	2024	author_readme_unknown	
504	medium	CAD Understanding and Retrieval	CAD Model Retrieval	Self-supervised Graph Neural Network for Mechanical CAD Retrieval	Wang et al.	arXiv 2024	https://arxiv.org/abs/2406.08863	Self-supervised Graph Neural Network for Mechanical CAD Retrieval	Yuhan Quan; Huan Zhao; Jinfeng Yi; Yuqiang Chen	2024	author_mismatch	duplicate_arxiv_id
505	medium	CAD Understanding and Retrieval	CAD Model Retrieval	FastCAD: Real-Time CAD Retrieval and Alignment from Scans and Videos	Gumeli et al.	arXiv 2024	https://arxiv.org/abs/2403.15161	FastCAD: Real-Time CAD Retrieval and Alignment from Scans and Videos	Florian Langer; Jihong Ju; Georgi Dikov; Gerhard Reitmayr; Mohsen Ghafoorian	2024	author_mismatch	
507	medium	CAD Understanding and Retrieval	CAD Model Retrieval	Fine-Tuned but Zero-Shot 3D Shape Sketch View Similarity and Retrieval	Tisse et al.	arXiv 2023	https://arxiv.org/abs/2306.08541	Fine-Tuned but Zero-Shot 3D Shape Sketch View Similarity and Retrieval	Gianluca Berardi; Yulia Gryaditskaya	2023	author_mismatch	
514	medium	CAD Understanding and Retrieval	Sketch-Based Retrieval	Multi-View Hierarchical Graph Neural Network for Sketch-Based 3D Shape Retrieval	Authors	arXiv 2026	https://arxiv.org/abs/2604.18019	Multi-View Hierarchical Graph Neural Network for Sketch-Based 3D Shape Retrieval	Hang Cheng; Muyan He; Mingyu Fan; Chengfeng Xie; Xi Cheng; Long Zeng	2026	author_readme_unknown	
525	medium	CAD Understanding and Retrieval	B-Rep Segmentation	Geometry-Conditioned Instance Segmentation for Industrial Objects	Li et al.	arXiv 2026	https://arxiv.org/abs/2602.20551	CAD-Prompted SAM3: Geometry-Conditioned Instance Segmentation for Industrial Objects	Zhenran Tang; Rohan Nagabhirava; Changliu Liu	2026	author_mismatch	
526	medium	CAD Understanding and Retrieval	B-Rep Segmentation	Repurposing 3D Generative Model for Part Segmentation	Wu et al.	arXiv 2026	https://arxiv.org/abs/2603.16869	SegviGen: Repurposing 3D Generative Model for Part Segmentation	Lin Li; Haoran Feng; Zehuan Huang; Haohua Chen; Wenbo Nie; Shaohua Hou; Keqing Fan; Pan Hu; Sheng Wang; Buyu Li; Lu Sheng	2026	author_mismatch	
528	medium	CAD Understanding and Retrieval	B-Rep Segmentation	Joint Neural SDF Reconstruction and Semantic Segmentation for CAD Models	Chen et al.	arXiv 2025	https://arxiv.org/abs/2510.03837	Joint Neural SDF Reconstruction and Semantic Segmentation for CAD Models	Shen Fan; Przemyslaw Musialski	2025	author_mismatch	
529	medium	CAD Understanding and Retrieval	B-Rep Segmentation	Few-shot Structure-Informed Machinery Part Segmentation with Foundation Models and Graph Neural Networks	Zhang et al.	arXiv 2025	https://arxiv.org/abs/2501.10080	Few-shot Structure-Informed Machinery Part Segmentation with Foundation Models and Graph Neural Networks	Michael Schwingshackl; Fabio Francisco Oberweger; Markus Murschitz	2025	author_mismatch	
530	medium	CAD Understanding and Retrieval	B-Rep Segmentation	Label-Efficient Part Segmentation	Liu et al.	arXiv 2025	https://arxiv.org/abs/2501.07434	Guided SAM: Label-Efficient Part Segmentation	S. B. van Rooij; G. J. Burghouts	2025	author_mismatch	
531	medium	CAD Understanding and Retrieval	B-Rep Segmentation	Scan-to-BRep: BRep Boundary and Junction Detection for CAD Reverse Engineering	Yujia Liu, Anton Obukhov, Riccardo De Lutio et al.	arXiv 2024	https://arxiv.org/abs/2409.14087	BRep Boundary and Junction Detection for CAD Reverse Engineering	Sk Aziz Ali; Mohammad Sadil Khan; Didier Stricker	2024	author_mismatch	
535	medium	CAD Understanding and Retrieval	Sequence-Based Encoding	Unsupervised Contrastive Learning for Efficient and Robust Spectral Shape Matching	Cao et al.	arXiv 2026	https://arxiv.org/abs/2603.18924	Unsupervised Contrastive Learning for Efficient and Robust Spectral Shape Matching	Feifan Luo; Hongyang Chen	2026	author_mismatch	
537	medium	CAD Understanding and Retrieval	Sequence-Based Encoding	Diffusion Models for Shape Correspondence	Attaiki et al.	arXiv 2025	https://arxiv.org/abs/2503.01845	Denoising Functional Maps: Diffusion Models for Shape Correspondence	Aleksei Zhuravlev; Zorah Lähner; Vladislav Golyanik	2025	author_mismatch	
541	medium	CAD Understanding and Retrieval	Assembly Understanding	DYNAMO: Dependency-Aware Deep Learning Framework for Articulated Assembly Motion Prediction	Authors	arXiv 2025	https://arxiv.org/abs/2509.12430	DYNAMO: Dependency-Aware Deep Learning Framework for Articulated Assembly Motion Prediction	Mayank Patel; Rahul Jain; Asim Unmesh; Karthik Ramani	2025	author_readme_unknown	
544	medium	CAD Understanding and Retrieval	Assembly Understanding	What's in a Name? Evaluating Assembly-Part Semantic Knowledge in Language Models through User-Provided Names in CAD Files	Peter Hartog, Daniele Grandi, Karl D.D. Willis et al.	arXiv 2023	https://arxiv.org/abs/2304.14275	What's in a Name? Evaluating Assembly-Part Semantic Knowledge in Language Models through User-Provided Names in CAD Files	Peter Meltzer; Joseph G. Lambourne; Daniele Grandi	2023	author_mismatch	
545	medium	CAD Understanding and Retrieval	Assembly Understanding	Synthesizing CAD Assemblies in Fusion 360	Dominik Bauer, Nikolas Lamb, Sean Bittner	arXiv 2023	https://arxiv.org/abs/2311.18492	CLS-CAD: Synthesizing CAD Assemblies in Fusion 360	Constantin Chaumet; Jakob Rehof	2023	author_mismatch	
560	medium	Simulation and Design Optimization	Neural Operators and FEA Surrogates	Efficient Dilated Squeeze and Excitation Neural Operator for Differential Equations	Authors	arXiv preprint 2026	https://arxiv.org/abs/2601.17407	Efficient Dilated Squeeze and Excitation Neural Operator for Differential Equations	Prajwal Chauhan; Salah Eddine Choutri; Saif Eddin Jabari	2026	author_readme_unknown	
561	medium	Simulation and Design Optimization	Neural Operators and FEA Surrogates	Generative AI-Enhanced Probabilistic Multi-Fidelity Surrogate Modeling via Transfer Learning	Authors	arXiv preprint 2026	https://arxiv.org/abs/2602.00072	Generative AI-enhanced Probabilistic Multi-Fidelity Surrogate Modeling Via Transfer Learning	Jice Zeng; David Barajas-Solano; Hui Chen	2026	author_readme_unknown	
562	medium	Simulation and Design Optimization	Neural Operators and FEA Surrogates	A Unified Hierarchical Multi-Task Multi-Fidelity Framework for Data-Efficient Surrogate Modeling in Manufacturing	Authors	arXiv preprint 2026	https://arxiv.org/abs/2603.09842	A Unified Hierarchical Multi-Task Multi-Fidelity Framework for Data-Efficient Surrogate Modeling in Manufacturing	Manan Mehta; Zhiqiao Dong; Yuhang Yang; Chenhui Shao	2026	author_readme_unknown	
563	medium	Simulation and Design Optimization	Neural Operators and FEA Surrogates	A Practical Introduction to Neural Operators in Scientific Computing	de Hoop et al.	arXiv preprint 2025	https://arxiv.org/abs/2503.05598	From Theory to Application: A Practical Introduction to Neural Operators in Scientific Computing	Prashant K. Jha	2025	author_mismatch	
565	medium	Simulation and Design Optimization	Neural Operators and FEA Surrogates	A Comprehensive Evaluation of Graph Neural Networks and Physics Informed Learning for Surrogate Modelling of Finite Element Analysis	Evaluation authors	arXiv preprint 2025	https://arxiv.org/abs/2510.15750	A Comprehensive Evaluation of Graph Neural Networks and Physics Informed Learning for Surrogate Modelling of Finite Element Analysis	Nayan Kumar Singh	2025	author_mismatch	
577	medium	Simulation and Design Optimization	Computational Fluid Dynamics	A Forward Look on AI Foundation Models in Computational Fluid Dynamics	AI-CFD Foundation authors	arXiv 2025	https://arxiv.org/abs/2511.20455	Fluid Intelligence: A Forward Look on AI Foundation Models in Computational Fluid Dynamics	Neil Ashton; Johannes Brandstetter; Siddhartha Mishra	2025	author_mismatch	
578	medium	Simulation and Design Optimization	Computational Fluid Dynamics	Accelerating Transient CFD through Machine Learning-Based Flow Initialization	ML-CFD Init authors	arXiv 2025	https://arxiv.org/abs/2503.15766	Accelerating Transient CFD through Machine Learning-Based Flow Initialization	Peter Sharpe; Rishikesh Ranade; Kaustubh Tangsali; Mohammad Amin Nabian; Ram Cherukuri; Sanjay Choudhry	2025	author_mismatch	
579	medium	Simulation and Design Optimization	Computational Fluid Dynamics	Physics-Constrained DeepONet for Surrogate CFD Models	PC-DeepONet CFD authors	arXiv 2025	https://arxiv.org/abs/2503.11196	Physics-constrained DeepONet for Surrogate CFD models: a curved backward-facing step case	Anas Jnini; Harshinee Goordoyal; Sujal Dave; Flavio Vella; Katharine H. Fraser; Artem Korobenko	2025	author_mismatch	
580	medium	Simulation and Design Optimization	Computational Fluid Dynamics	Physics-Based Simulations with Masked Graph Neural Networks	Masked GNN authors	arXiv 2025	https://arxiv.org/abs/2501.08738	MeshMask: Physics-Based Simulations with Masked Graph Neural Networks	Paul Garnier; Vincent Lannelongue; Jonathan Viquerat; Elie Hachem	2025	author_mismatch	
581	medium	Simulation and Design Optimization	Computational Fluid Dynamics	TripOptimizer: Generative 3D Shape Optimization and Drag Prediction using Triplane VAE Networks	Thumiger et al.	arXiv 2025	https://arxiv.org/abs/2509.12224	TripOptimizer: Generative 3D Shape Optimization and Drag Prediction using Triplane VAE Networks	Parsa Vatani; Mohamed Elrefaie; Farhad Nazarpour; Faez Ahmed	2025	author_mismatch	
582	medium	Simulation and Design Optimization	Computational Fluid Dynamics	Accelerating Shape Optimization by Deep Neural Networks with On-the-fly Determined Architecture	Kang et al.	arXiv 2025	https://arxiv.org/abs/2512.03555	Accelerating shape optimization by deep neural networks with on-the-fly determined architecture	Lucie Kubíčková; Onřej Gebouský; Jan Haidl; Martin Isoz	2025	author_mismatch	
583	medium	Simulation and Design Optimization	Computational Fluid Dynamics	Surrogate-Based Differentiable Pipeline for Shape Optimization	Muller et al.	arXiv 2025	https://arxiv.org/abs/2511.10761	Surrogate-Based Differentiable Pipeline for Shape Optimization	Andrin Rehmann; Nolan Black; Josiah Bjorgaard; Alessandro Angioi; Andrei Paleyes; Niklas Heim; Dion Häfner; Alexander Lavin	2025	author_mismatch	
590	medium	Simulation and Design Optimization	Physics-Informed Neural Networks	PINNsAgent: Automated PDE Surrogation with Large Language Models	PINNsAgent authors	ICML 2025	https://arxiv.org/abs/2501.12053	PINNsAgent: Automated PDE Surrogation with Large Language Models	Qingpo Wuwu; Chonghan Gao; Tianyu Chen; Yihang Huang; Yuekai Zhang; Jianing Wang; Jianxin Li; Haoyi Zhou; Shanghang Zhang	2025	author_mismatch	
592	medium	Simulation and Design Optimization	Physics-Informed Neural Networks	eXtended Physics-Informed Neural Network Method for Fracture Mechanics Problems	Authors	arXiv preprint 2025	https://arxiv.org/abs/2509.13952	eXtended Physics Informed Neural Network Method for Fracture Mechanics Problems	Amin Lotfalian; Mohammad Reza Banan; Pooyan Broumand	2025	author_readme_unknown	
594	medium	Simulation and Design Optimization	Physics-Informed Neural Networks	Physics-Informed Neural Networks and Extensions: A Review	PINN Review authors	arXiv preprint 2024	https://arxiv.org/abs/2408.16806	Physics-Informed Neural Networks and Extensions	Maziar Raissi; Paris Perdikaris; Nazanin Ahmadi; George Em Karniadakis	2024	author_mismatch	
595	medium	Simulation and Design Optimization	Physics-Informed Neural Networks	Physics-Informed Neural Networks: From Fundamentals to Applications in Complex Systems	PINN Complex authors	arXiv preprint 2024	https://arxiv.org/abs/2410.00422	Exploring Physics-Informed Neural Networks: From Fundamentals to Applications in Complex Systems	Sai Ganga; Ziya Uddin	2024	author_mismatch	
605	medium	Simulation and Design Optimization	Deep Learning for Topology Optimization	Physics-Informed Transformer for Real-Time High-Fidelity Topology Optimization	Authors	arXiv preprint 2026	https://arxiv.org/abs/2604.03522	Physics-Informed Transformer for Real-Time High-Fidelity Topology Optimization	Aaron Lutheran; Srijan Das; Alireza Tabarraei	2026	author_readme_unknown	
606	medium	Simulation and Design Optimization	Deep Learning for Topology Optimization	Variational Quantum Latent Encoding for Topology Optimization	Authors	arXiv preprint 2025	https://arxiv.org/abs/2506.17487	Variational Quantum Latent Encoding for Topology Optimization	Alireza Tabarraei	2025	author_readme_unknown	
607	medium	Simulation and Design Optimization	Deep Learning for Topology Optimization	Transformer-Based Topology Optimization	Authors	arXiv preprint 2025	https://arxiv.org/abs/2509.05800	Transformer-based Topology Optimization	Aaron Lutheran; Srijan Das; Alireza Tabarraei	2025	author_readme_unknown	
608	medium	Simulation and Design Optimization	Deep Learning for Topology Optimization	A Foundation Model for Shape- and Resolution-Free Structural Topology Optimization	Authors	arXiv preprint 2025	https://arxiv.org/abs/2510.23667	Optimize Any Topology: A Foundation Model for Shape- and Resolution-Free Structural Topology Optimization	Amin Heyrani Nobari; Lyle Regenwetter; Cyril Picard; Ligong Han; Faez Ahmed	2025	author_readme_unknown	
609	medium	Simulation and Design Optimization	Deep Learning for Topology Optimization	Latent Space Diffusion for Topology Optimization	Authors	arXiv preprint 2025	https://arxiv.org/abs/2508.05624	Latent Space Diffusion for Topology Optimization	Aaron Lutheran; Srijan Das; Alireza Tabarraei	2025	author_readme_unknown	
610	medium	Simulation and Design Optimization	Deep Learning for Topology Optimization	Accelerating Metamaterial Topology Optimization Using Deep Super-Resolution Networks	Authors	arXiv preprint 2025	https://arxiv.org/abs/2511.04795	Accelerating metamaterial topology optimization using deep super-resolution networks	Ajendra Singh; Shubham Saurabh; Abhinav Gupta; Rajib Chowdhury	2025	author_readme_unknown	
611	medium	Simulation and Design Optimization	Deep Learning for Topology Optimization	Diverse Topology Optimization Using Modulated Neural Fields (TOM)	Authors	arXiv preprint 2025	https://arxiv.org/abs/2502.13174	Diverse Topology Optimization using Modulated Neural Fields	Andreas Radler; Eric Volkmann; Johannes Brandstetter; Arturs Berzins	2025	author_readme_unknown	
617	medium	Simulation and Design Optimization	Generative and LLM-Driven Topology Optimization	Multi-Material Multi-Physics Topology Optimization with Physics-Informed Gaussian Process Priors	Authors	arXiv preprint 2026	https://arxiv.org/abs/2602.17783	Multi-material Multi-physics Topology Optimization with Physics-informed Gaussian Process Priors	Xiangyu Sun; Shirin Hosseinmardi; Amin Yousefpour; Ramin Bostanabad	2026	author_readme_unknown	
619	medium	Simulation and Design Optimization	Generative and LLM-Driven Topology Optimization	Using Hand-Drawn Inputs for Diffusion-Based Topology Optimization	Authors	arXiv preprint 2026	https://arxiv.org/abs/2603.18960	Sketch2Topo: Using Hand-Drawn Inputs for Diffusion-Based Topology Optimization	Shuyue Feng; Cedric Caremel; Yoshihiro Kawahara	2026	author_readme_unknown	
628	medium	Simulation and Design Optimization	AI-Driven Generative Design	SimuAgent: An LLM-Based Simulink Modeling Assistant Enhanced with Reinforcement Learning	Authors	arXiv preprint 2026	https://arxiv.org/abs/2601.05187	SimuAgent: An LLM-Based Simulink Modeling Assistant Enhanced with Reinforcement Learning	Yanchang Liang; Xiaowei Zhao	2026	author_readme_unknown	
629	medium	Simulation and Design Optimization	AI-Driven Generative Design	An LLM-Driven Multi-Agent Framework for Autonomous Construction of Deep Learning Surrogate Models in Subsurface Flow	Authors	arXiv preprint 2026	https://arxiv.org/abs/2604.11945	AutoSurrogate: An LLM-Driven Multi-Agent Framework for Autonomous Construction of Deep Learning Surrogate Models in Subsurface Flow	Jiale Liu; Nanzhe Wang	2026	author_readme_unknown	
630	medium	Simulation and Design Optimization	AI-Driven Generative Design	Large Language Model-Empowered Next-Generation Computer-Aided Engineering	Authors	arXiv preprint 2025	https://arxiv.org/abs/2509.11447	Large language model-empowered next-generation computer-aided engineering	Jiachen Guo; Chanwook Park; Dong Qian; Thomas J. R. Hughes; Wing Kam Liu	2025	author_readme_unknown	
631	medium	Simulation and Design Optimization	AI-Driven Generative Design	Automating Data-Driven Modeling and Analysis for Engineering Applications using Large Language Model Agents	Authors	arXiv preprint 2025	https://arxiv.org/abs/2510.01398	Automating Data-Driven Modeling and Analysis for Engineering Applications using Large Language Model Agents	Yang Liu; Zaid Abulawi; Abhiram Garimidi; Doyeong Lim	2025	author_readme_unknown	
632	medium	Simulation and Design Optimization	AI-Driven Generative Design	Large Language Models for Combinatorial Optimization of Design Structure Matrix	Authors	ICED 2025	https://arxiv.org/abs/2506.09749	Large Language Models for Combinatorial Optimization of Design Structure Matrix	Shuo Jiang; Min Xie; Jianxi Luo	2025	author_readme_unknown	
633	medium	Simulation and Design Optimization	AI-Driven Generative Design	Bayesian and Non-Bayesian Multi-Fidelity Surrogate Models for Multi-Objective Aerodynamic Optimization Under Extreme Cost Imbalance	Authors	arXiv preprint 2025	https://arxiv.org/abs/2505.17279	Bayesian and non-Bayesian multi-fidelity surrogate models for multi-objective aerodynamic optimization under extreme cost imbalance	Marc Schouler; Anca Belme; Paola Cinnella	2025	author_readme_unknown	
634	medium	Simulation and Design Optimization	AI-Driven Generative Design	Benchmarking Generative AI Against Bayesian Optimization for Constrained Multi-Objective Inverse Design	Authors	arXiv preprint 2025	https://arxiv.org/abs/2511.00070	Benchmarking Generative AI Against Bayesian Optimization for Constrained Multi-Objective Inverse Design	Muhammad Bilal Awan; Abdul Razzaq; Abdul Shahid	2025	author_readme_unknown	
650	medium	Manufacturing-Aware Design	Design for Manufacturing (DFM)	Enhancing the Product Quality of the Injection Process Using eXplainable Artificial Intelligence	Unknown	arXiv preprint / Processes 2025	https://arxiv.org/abs/2503.02338	Enhancing the Product Quality of the Injection Process Using eXplainable Artificial Intelligence	Jisoo Hong; Yongmin Hong; Jung-Woo Baek; Sung-Woo Kang	2025	author_readme_unknown	
651	medium	Manufacturing-Aware Design	Design for Manufacturing (DFM)	Machine Learning-Based Manufacturing Cost Prediction from 2D Engineering Drawings via Geometric Features	Unknown	arXiv preprint 2025	https://arxiv.org/abs/2508.12440	Machine Learning-Based Manufacturing Cost Prediction from 2D Engineering Drawings via Geometric Features	Ahmet Bilal Arıkan; Şener Özönder; Mustafa Taha Koçyiğit; Hüseyin Oktay Altun; H. Kübra Küçükkartal; Murat Arslanoğlu; Fatih Çağırankaya; Berk Ayvaz	2025	author_readme_unknown	
654	medium	Manufacturing-Aware Design	Design for Manufacturing (DFM)	DRL-Based Injection Molding Process Parameter Optimization for Adaptive and Profitable Production	Unknown	arXiv preprint 2025	https://arxiv.org/abs/2505.10988	DRL-Based Injection Molding Process Parameter Optimization for Adaptive and Profitable Production	Joon-Young Kim; Jecheon Yu; Heekyu Kim; Seunghwa Ryu	2025	author_readme_unknown	
655	medium	Manufacturing-Aware Design	Design for Manufacturing (DFM)	Advancing Welding Defect Detection in Maritime Operations via Adapt-WeldNet	Unknown	arXiv preprint 2025	https://arxiv.org/abs/2508.00381	Advancing Welding Defect Detection in Maritime Operations via Adapt-WeldNet and Defect Detection Interpretability Analysis	Kamal Basha S; Athira Nambiar	2025	author_readme_unknown	
663	medium	Manufacturing-Aware Design	Design for Additive Manufacturing (DFAM)	Discovery of Feasible 3D Printing Configurations for Metal Alloys via AI-Driven Adaptive Experimental Design	Authors	arXiv preprint 2026	https://arxiv.org/abs/2601.17587	Discovery of Feasible 3D Printing Configurations for Metal Alloys via AI-driven Adaptive Experimental Design	Azza Fadhel; Nathaniel W. Zuckschwerdt; Aryan Deshwal; Susmita Bose; Amit Bandyopadhyay; Jana Doppa	2026	author_readme_unknown	
664	medium	Manufacturing-Aware Design	Design for Additive Manufacturing (DFAM)	Graph Neural Network-Based Topology Optimization for Self-Supporting Structures in Additive Manufacturing	Authors	arXiv preprint 2025	https://arxiv.org/abs/2508.19169	Graph Neural Network-Based Topology Optimization for Self-Supporting Structures in Additive Manufacturing	Alireza Tabarraei; Saquib Ahmad Bhuiyan	2025	author_readme_unknown	
666	medium	Manufacturing-Aware Design	Design for Additive Manufacturing (DFAM)	Additive Manufacturing Processes Protocol Prediction by Artificial Intelligence using X-ray Computed Tomography Data	Authors	arXiv preprint 2025	https://arxiv.org/abs/2501.14306	Additive Manufacturing Processes Protocol Prediction by Artificial Intelligence using X-ray Computed Tomography data	Sunita Khod; Akshay Dvivedi; Mayank Goswami	2025	author_readme_unknown	
667	medium	Manufacturing-Aware Design	Design for Additive Manufacturing (DFAM)	Sample-Efficient Bayesian Transfer Learning for Online Machine Parameter Optimization	Authors	arXiv preprint 2025	https://arxiv.org/abs/2503.15928	Sample-Efficient Bayesian Transfer Learning for Online Machine Parameter Optimization	Philipp Wagner; Tobias Nagel; Philipp Leube; Marco F. Huber	2025	author_readme_unknown	
668	medium	Manufacturing-Aware Design	Design for Additive Manufacturing (DFAM)	Real-Time Decision-Making for Digital Twin in Additive Manufacturing with Model Predictive Control	Authors	arXiv preprint 2025	https://arxiv.org/abs/2501.07601	Real-Time Decision-Making for Digital Twin in Additive Manufacturing with Model Predictive Control using Time-Series Deep Neural Networks	Yi-Ping Chen; Vispi Karkaria; Ying-Kuan Tsai; Faith Rolark; Daniel Quispe; Robert X. Gao; Jian Cao; Wei Chen	2025	author_readme_unknown	
674	medium	Manufacturing-Aware Design	Assembly Planning and Tolerance	Learning-Based Strategy for Composite Robot Assembly Skill Adaptation	Authors	arXiv preprint 2026	https://arxiv.org/abs/2604.06949	Learning-Based Strategy for Composite Robot Assembly Skill Adaptation	Khalil Abuibaid; Aleksandr Sidorenko; Achim Wagner; Martin Ruskowski	2026	author_readme_unknown	
675	medium	Manufacturing-Aware Design	Assembly Planning and Tolerance	Connector-Aware General Robotic Assembly from Instruction Manuals via Vision-Language Models	Authors	arXiv preprint 2025	https://arxiv.org/abs/2510.16344	Manual2Skill++: Connector-Aware General Robotic Assembly from Instruction Manuals via Vision-Language Models	Chenrui Tie; Shengxiang Sun; Yudi Lin; Yanbo Wang; Zhongrui Li; Zhouhan Zhong; Jinxuan Zhu; Yiman Pang; Haonan Chen; Junting Chen; Ruihai Wu; Lin Shao	2025	author_readme_unknown	
676	medium	Manufacturing-Aware Design	Assembly Planning and Tolerance	AssemMate: Graph-Based LLM for Robotic Assembly Assistance	Authors	arXiv preprint 2025	https://arxiv.org/abs/2509.11617	AssemMate: Graph-Based LLM for Robotic Assembly Assistance	Qi Zheng; Chaoran Zhang; Zijian Liang; EnTe Lin; Shubo Cui; Qinghongbing Xie; Zhaobo Xu; Long Zeng	2025	author_readme_unknown	
679	medium	Manufacturing-Aware Design	Assembly Planning and Tolerance	REASSEMBLE: A Multimodal Dataset for Contact-rich Robotic Assembly and Disassembly	Authors	arXiv preprint 2025	https://arxiv.org/abs/2502.05086	REASSEMBLE: A Multimodal Dataset for Contact-rich Robotic Assembly and Disassembly	Daniel Sliwowski; Shail Jadav; Sergej Stanovcic; Jedrzej Orbik; Johannes Heidersberger; Dongheui Lee	2025	author_readme_unknown	
681	medium	Manufacturing-Aware Design	Assembly Planning and Tolerance	Contact-Rich Robotic Assembly in Construction via Diffusion Policy Learning	Authors	arXiv preprint 2025	https://arxiv.org/abs/2511.17774	Contact-Rich Robotic Assembly in Construction via Diffusion Policy Learning	Salma Mozaffari; Daniel Ruan; William van den Bogert; Nima Fazeli; Sigrid Adriaenssens; Arash Adel	2025	author_readme_unknown	
687	medium	Manufacturing-Aware Design	CAD/CAM Integration	Self-Supervised Masked BRep Autoencoders for Machining Feature Recognition	Authors	arXiv preprint 2026	https://arxiv.org/abs/2602.22701	BRepMAE: Self-Supervised Masked BRep Autoencoders for Machining Feature Recognition	Can Yao; Kang Wu; Zuheng Zheng; Siyuan Xing; Xiao-Ming Fu	2026	author_readme_unknown	duplicate_arxiv_id
688	medium	Manufacturing-Aware Design	CAD/CAM Integration	DeepMill: Neural Accessibility Learning for Subtractive Manufacturing	Authors	arXiv preprint 2025	https://arxiv.org/abs/2502.06093	DeepMill: Neural Accessibility Learning for Subtractive Manufacturing	Fanchao Zhong; Yang Wang; Peng-Shuai Wang; Lin Lu; Haisen Zhao	2025	author_readme_unknown	
689	medium	Manufacturing-Aware Design	CAD/CAM Integration	Implicit Neural Field-Based Process Planning for Multi-Axis Manufacturing	Authors	arXiv preprint 2025	https://arxiv.org/abs/2511.17578	Implicit Neural Field-Based Process Planning for Multi-Axis Manufacturing: Direct Control over Collision Avoidance and Toolpath Geometry	Neelotpal Dutta; Tianyu Zhang; Tao Liu; Yongxue Chen; Charlie C. L. Wang	2025	author_readme_unknown	
690	medium	Manufacturing-Aware Design	CAD/CAM Integration	Knowledge Graph Fusion with Large Language Models for Accurate, Explainable Manufacturing Process Planning	Authors	arXiv preprint 2025	https://arxiv.org/abs/2506.13026	Knowledge Graph Fusion with Large Language Models for Accurate, Explainable Manufacturing Process Planning	Danny Hoang; David Gorsich; Matthew P. Castanier; Farhad Imani	2025	author_readme_unknown	
691	medium	Manufacturing-Aware Design	CAD/CAM Integration	Implicit Neural Fields for Collision-Free Multi-Axis 3D Printing	Authors	arXiv preprint 2025	https://arxiv.org/abs/2509.05345	INF-3DP: Implicit Neural Fields for Collision-Free Multi-Axis 3D Printing	Jiasheng Qu; Zhuo Huang; Dezhao Guo; Hailin Sun; Aoran Lyu; Chengkai Dai; Yeung Yam; Guoxin Fang	2025	author_readme_unknown	
692	medium	Manufacturing-Aware Design	CAD/CAM Integration	A Cutting Mechanics-Based Machine Learning Modeling Method to Discover Governing Equations of Machining Dynamics	Authors	arXiv preprint 2025	https://arxiv.org/abs/2501.14817	A Cutting Mechanics-based Machine Learning Modeling Method to Discover Governing Equations of Machining Dynamics	Alisa Ren; Mason Ma; Jiajie Wu; Jaydeep Karandikar; Chris Tyler; Tony Shi; Tony Schmitz	2025	author_readme_unknown	
693	medium	Manufacturing-Aware Design	CAD/CAM Integration	Deep Neural Implicit Representation of Accessibility for Multi-Axis Manufacturing	Authors	Computer-Aided Design 2024	https://arxiv.org/abs/2409.02115	Deep Neural Implicit Representation of Accessibility for Multi-Axis Manufacturing	George P. Harabin; Amir Mirzendehdel; Morad Behandish	2024	author_readme_unknown	
694	medium	Manufacturing-Aware Design	CAD/CAM Integration	Automatic Feature Recognition and Dimensional Attributes Extraction From CAD Models for Hybrid Additive-Subtractive Manufacturing	Authors	arXiv preprint 2024	https://arxiv.org/abs/2408.06891	Automatic Feature Recognition and Dimensional Attributes Extraction From CAD Models for Hybrid Additive-Subtractive Manufacturing	Muhammad Tayyab Khan; Wenhe Feng; Lequn Chen; Ye Han Ng; Nicholas Yew Jin Tan; Seung Ki Moon	2024	author_readme_unknown	
696	medium	Manufacturing-Aware Design	CAD/CAM Integration	BRepGAT: Graph Neural Network to Segment Machining Feature Faces in a B-rep Model	Authors	ResearchGate / Journal 2024	https://www.researchgate.net				paper_url_check_blocked_or_transient	
697	medium	Manufacturing-Aware Design	CAD/CAM Integration	Real-Time Tool-Path Planning Using Deep Learning for Subtractive Manufacturing	Authors	ResearchGate / Journal 2024	https://www.researchgate.net				paper_url_check_blocked_or_transient	
698	medium	Manufacturing-Aware Design	CAD/CAM Integration	Large Language Models for Manufacturing	Yixin Tian et al.	arXiv preprint 2024	https://arxiv.org/abs/2410.21418	Large Language Models for Manufacturing	Yiwei Li; Huaqin Zhao; Hanqi Jiang; Yi Pan; Zhengliang Liu; Zihao Wu; Peng Shu; Jie Tian; Tianze Yang; Shaochen Xu; Yanjun Lyu; Parker Blenk; Jacob Pence; Jason Rupram; Eliza Banu; Ninghao Liu; Linbing Wang; Wenzhan Song; Xiaoming Zhai; Kenan Song; Dajiang Zhu; Beiwen Li; Xianqiao Wang; Tianming Liu	2024	author_mismatch	
699	medium	Manufacturing-Aware Design	CAD/CAM Integration	Co-Optimization of Tool Orientations, Kinematic Redundancy, and Waypoint Timing for Robot-Assisted Manufacturing	Authors	arXiv preprint 2024	https://arxiv.org/abs/2409.13448	Co-Optimization of Tool Orientations, Kinematic Redundancy, and Waypoint Timing for Robot-Assisted Manufacturing	Yongxue Chen; Tianyu Zhang; Yuming Huang; Tao Liu; Charlie C. L. Wang	2024	author_readme_unknown	
701	medium	Manufacturing-Aware Design	CAD/CAM Integration	Reinforcement Learning-Based Cutting Parameter Dynamic Decision Method Considering Tool Wear for a Turning Machining Process	Authors	International Journal of Precision Engineering and Manufacturing-Green Technology 2023	https://doi.org/10.1007/s40684-023-00517-w				non_arxiv_url_metadata_not_checked	
702	medium	Manufacturing-Aware Design	CAD/CAM Integration	Making Informed Decisions in Cutting Tool Maintenance in Milling	Authors	arXiv preprint 2023	https://arxiv.org/abs/2310.14629	Making informed decisions in cutting tool maintenance in milling: A KNN-based model agnostic approach	Revati M. Wahul; Aditya M. Rahalkar; Om M. Khare; Abhishek D. Patange; Rohan N. Soman	2023	author_readme_unknown	
703	medium	Manufacturing-Aware Design	CAD/CAM Integration	Data-driven Modelling of Machine Tool Feedrate Behavior with Neural Networks	Authors	arXiv preprint 2021	https://arxiv.org/abs/2106.09719	Machining Cycle Time Prediction: Data-driven Modelling of Machine Tool Feedrate Behavior with Neural Networks	Chao Sun; Javier Dominguez-Caballero; Rob Ward; Sabino Ayvar-Soberanis; David Curtis	2021	author_readme_unknown	
767	medium	Datasets and Benchmarks	Dataset Papers	Zero-to-CAD: Agentic Synthesis of Interpretable CAD Programs at Million-Scale Without Real Data	Willis et al.	arXiv 2026	https://arxiv.org/abs/2604.24479	Zero-to-CAD: Agentic Synthesis of Interpretable CAD Programs at Million-Scale Without Real Data	Mohammadmehdi Ataei; Farzaneh Askari; Kamal Rahimi Malekshan; Pradeep Kumar Jayaraman	2026	author_mismatch	
768	medium	Datasets and Benchmarks	Dataset Papers	Benchmarking Multimodal Models on Architectural and Engineering Drawings Understanding	Zhang et al.	arXiv 2026	https://arxiv.org/abs/2601.04819	AECV-Bench: Benchmarking Multimodal Models on Architectural and Engineering Drawings Understanding	Aleksei Kondratenko; Mussie Birhane; Houssame E. Hsain; Guido Maciocci	2026	author_mismatch	duplicate_arxiv_id
770	medium	Datasets and Benchmarks	Dataset Papers	Objaverse++: Curated 3D Object Dataset with Quality Annotations	Authors et al.	arXiv 2025	https://arxiv.org/abs/2504.07334	Objaverse++: Curated 3D Object Dataset with Quality Annotations	Chendi Lin; Heshan Liu; Qunshu Lin; Zachary Bright; Shitao Tang; Yihui He; Minghao Liu; Ling Zhu; Cindy Le	2025	author_mismatch	
772	medium	Datasets and Benchmarks	Dataset Papers	Enginuity: Building an Open Multi-Domain Dataset of Complex Engineering Diagrams	Authors et al.	NeurIPS 2025	https://arxiv.org/abs/2601.13299	Enginuity: Building an Open Multi-Domain Dataset of Complex Engineering Diagrams	Ethan Seefried; Prahitha Movva; Naga Harshita Marupaka; Tilak Kasturi; Tirthankar Ghosal	2026	author_mismatch	
775	medium	Datasets and Benchmarks	Dataset Papers	A Cascade MAR with Topology Predictor for Multimodal Conditional CAD Generation	Wang et al.	arXiv 2025	https://arxiv.org/abs/2504.20830	CMT: A Cascade MAR with Topology Predictor for Multimodal Conditional CAD Generation	Jianyu Wu; Yizhou Wang; Xiangyu Yue; Xinzhu Ma; Jingyang Guo; Dongzhan Zhou; Wanli Ouyang; Shixiang Tang	2025	author_mismatch	
778	medium	Datasets and Benchmarks	Dataset Papers	Synthetic Generation Tool of Digital Measurement Device CAD Model Datasets for Fine-tuning Large Vision-Language Models	Authors et al.	arXiv 2025	https://arxiv.org/abs/2508.21732	CAD2DMD-SET: Synthetic Generation Tool of Digital Measurement Device CAD Model Datasets for fine-tuning Large Vision-Language Models	João Valente; Atabak Dehban; Rodrigo Ventura	2025	author_mismatch	
779	medium	Datasets and Benchmarks	Dataset Papers	A Large-Scale CAD Drawings Dataset and New Baseline for Panoptic Symbol Spotting	Wang et al.	arXiv 2025	https://arxiv.org/abs/2503.22346	ArchCAD-400K: A Large-Scale CAD drawings Dataset and New Baseline for Panoptic Symbol Spotting	Ruifeng Luo; Zhengjie Liu; Tianxiao Cheng; Jie Wang; Tongjie Wang; Xingguang Wei; Haomin Wang; YanPeng Li; Fu Chai; Fei Cheng; Shenglong Ye; Wenhai Wang; Yanting Zhang; Yu Qiao; Hongjie Zhang; Xianzhong Zhao	2025	author_mismatch	duplicate_arxiv_id
780	medium	Datasets and Benchmarks	Dataset Papers	IEC3D-AD: A 3D Dataset of Industrial Equipment Components for Unsupervised Point Cloud Anomaly Detection	Wang et al.	arXiv 2025	https://arxiv.org/abs/2511.03267	IEC3D-AD: A 3D Dataset of Industrial Equipment Components for Unsupervised Point Cloud Anomaly Detection	Bingyang Guo; Hongjie Li; Ruiyun Yu; Hanzhe Liang; Jinbao Wang	2025	author_mismatch	
783	medium	Datasets and Benchmarks	Dataset Papers	Slice-100K: A Multimodal Dataset for Extrusion-based 3D Printing	Authors et al.	NeurIPS 2024 D&B Track	https://arxiv.org/abs/2407.04180	Slice-100K: A Multimodal Dataset for Extrusion-based 3D Printing	Anushrut Jignasu; Kelly O. Marshall; Ankush Kumar Mishra; Lucas Nerone Rillo; Baskar Ganapathysubramanian; Aditya Balu; Chinmay Hegde; Adarsh Krishnamurthy	2024	author_mismatch	
784	medium	Datasets and Benchmarks	Dataset Papers	From Engineering Diagrams to Graphs	Chen et al.	arXiv 2024	https://arxiv.org/abs/2411.13929	From Engineering Diagrams to Graphs: Digitizing P&IDs with Transformers	Jan Marius Stürmer; Marius Graumann; Tobias Koch	2024	author_mismatch	duplicate_arxiv_id
787	medium	Datasets and Benchmarks	Dataset Papers	DeepPatent2: A Large-Scale Benchmarking Corpus for Technical Drawing Understanding	Kucer et al.	Scientific Data 2023	https://arxiv.org/abs/2311.04098	DeepPatent2: A Large-Scale Benchmarking Corpus for Technical Drawing Understanding	Kehinde Ajayi; Xin Wei; Martin Gryder; Winston Shields; Jian Wu; Shawn M. Jones; Michal Kucer; Diane Oyen	2023	author_mismatch	
792	medium	Datasets and Benchmarks	Dataset Papers	Synthetic 3D Data Generation Pipeline for Geometric Deep Learning in Architecture	Stojanovic et al.	arXiv 2021	https://arxiv.org/abs/2104.12564	Synthetic 3D Data Generation Pipeline for Geometric Deep Learning in Architecture	Stanislava Fedorova; Alberto Tono; Meher Shashwat Nigam; Jiayao Zhang; Amirhossein Ahmadnia; Cecilia Bolognesi; Dominik L. Michels	2021	author_mismatch	
804	medium	Datasets and Benchmarks	Evaluation Metrics	Quantitative Evaluation of 3D Models Generation by Large Language Models	Authors	arXiv 2025	https://arxiv.org/abs/2509.07010	Human-in-the-Loop: Quantitative Evaluation of 3D Models Generation by Large Language Models	Ahmed R. Sadik; Mariusz Bujny	2025	author_readme_unknown	duplicate_arxiv_id
805	medium	Datasets and Benchmarks	Evaluation Metrics	CAD-Judge: Toward Efficient Morphological Grading and Verification for Text-to-CAD Generation	Authors	arXiv 2025	https://arxiv.org/abs/2508.04002	CAD-Judge: Toward Efficient Morphological Grading and Verification for Text-to-CAD Generation	Zheyuan Zhou; Jiayi Han; Liang Du; Naiyu Fang; Lemiao Qiu; Shuyou Zhang	2025	author_readme_unknown	
806	medium	Datasets and Benchmarks	Evaluation Metrics	Generating CAD Code with Vision-Language Models for 3D Designs	Authors	ICLR 2025	https://arxiv.org/abs/2410.05340	Generating CAD Code with Vision-Language Models for 3D Designs	Kamel Alrashedy; Pradyumna Tambwekar; Zulfiqar Zaidi; Megan Langwasser; Wei Xu; Matthew Gombolay	2024	author_readme_unknown	duplicate_arxiv_id
807	medium	Datasets and Benchmarks	Evaluation Metrics	Advancing 3D Generation Evaluation with Hierarchical Validity	Authors	arXiv 2025	https://arxiv.org/abs/2508.05609	Hi3DEval: Advancing 3D Generation Evaluation with Hierarchical Validity	Yuhan Zhang; Long Zhuo; Ziyang Chu; Tong Wu; Zhibing Li; Liang Pan; Dahua Lin; Ziwei Liu	2025	author_readme_unknown	
808	medium	Datasets and Benchmarks	Evaluation Metrics	CadVLM: Bridging Language and Vision in the Generation of Parametric CAD Sketches	Authors	arXiv 2024	https://arxiv.org/abs/2409.17457	CadVLM: Bridging Language and Vision in the Generation of Parametric CAD Sketches	Sifan Wu; Amir Khasahmadi; Mor Katz; Pradeep Kumar Jayaraman; Yewen Pu; Karl Willis; Bang Liu	2024	author_readme_unknown	
814	medium	Datasets and Benchmarks	Benchmark Challenges	BlenderLLM: Training Large Language Models for Computer-Aided Design with Self-improvement	Authors	arXiv 2024	https://arxiv.org/abs/2412.14203	BlenderLLM: Training Large Language Models for Computer-Aided Design with Self-improvement	Yuhao Du; Shunian Chen; Wenbo Zan; Peizhao Li; Mingxuan Wang; Dingjie Song; Bo Li; Yan Hu; Benyou Wang	2024	author_readme_unknown	
815	medium	Datasets and Benchmarks	Benchmark Challenges	Geometric Deep Learning for Computer-Aided Design: A Survey	Lambourne et al.	arXiv 2024	https://arxiv.org/abs/2402.17695	Geometric Deep Learning for Computer-Aided Design: A Survey	Negar Heidari; Alexandros Iosifidis	2024	author_mismatch	
827	medium	Tools and Platforms	Commercial CAD with AI Features	Dassault Systemes Virtual Companions	Dassault Systemes	Technical Platform 2026	https://www.3ds.com/newsroom/press-releases/dassault-systemes-unveils-new-way-working-industry-ai-powered-virtual-companions				non_arxiv_url_metadata_not_checked	
833	medium	Tools and Platforms	Commercial CAD with AI Features	Autodesk Neural CAD	Autodesk	Technical Report 2025	https://www.autodesk.com/solutions/autodesk-ai/neural-technology				paper_url_check_blocked_or_transient	
834	medium	Tools and Platforms	Commercial CAD with AI Features	Siemens Design Copilot NX	Siemens Digital Industries Software	Technical Platform 2025	https://news.siemens.com/en-us/siemens-designcenter-nx-summer-2025/				non_arxiv_url_metadata_not_checked	
835	medium	Tools and Platforms	Commercial CAD with AI Features	Siemens Digital Twin Composer for Industrial Metaverse Digital Twins	Siemens Digital Industries Software	Technical Platform 2026	https://news.siemens.com/en-us/digital-twin-composer-ces-2026/				non_arxiv_url_metadata_not_checked	
838	medium	Tools and Platforms	Commercial CAD with AI Features	NVIDIA Omniverse Blueprint for Real-Time Computer-Aided Engineering Digital Twins	NVIDIA	Technical Platform 2024	https://nvidianews.nvidia.com/news/nvidia-announces-omniverse-real-time-physics-digital-twins-with-industry-software-leaders				non_arxiv_url_metadata_not_checked	
864	medium	Tools and Platforms	Open-Source Tools and Frameworks	Autodesk and Model Context Protocol	Autodesk	Technical Blog 2025	https://www.autodesk.com/autodesk-university/class/Equip-AI-with-Access-to-Your-Design-Data-and-Projects-Model-Context-Protocol-Autodesk-Platform-Services-2025				paper_url_check_blocked_or_transient	
865	medium	Tools and Platforms	Open-Source Tools and Frameworks	FreecadMCP	bonninr (open-source)	GitHub 2025	https://github.com/bonninr/freecad_mcp				non_arxiv_url_metadata_not_checked	
866	medium	Tools and Platforms	Open-Source Tools and Frameworks	CAD Skills	earthtojake (open-source)	GitHub 2025	https://github.com/earthtojake/text-to-cad				non_arxiv_url_metadata_not_checked	
867	medium	Tools and Platforms	Open-Source Tools and Frameworks	CADAM	Adam-CAD (open-source)	GitHub 2026	https://github.com/Adam-CAD/CADAM				non_arxiv_url_metadata_not_checked	
868	medium	Tools and Platforms	Open-Source Tools and Frameworks	HiCAD	MrXujiang	GitHub 2025	https://github.com/MrXujiang/HiCAD				non_arxiv_url_metadata_not_checked	
869	medium	Tools and Platforms	Open-Source Tools and Frameworks	CQAsk	OpenOrion	GitHub 2024	https://github.com/OpenOrion/CQAsk				non_arxiv_url_metadata_not_checked	
870	medium	Tools and Platforms	Open-Source Tools and Frameworks	multiCAD-mcp	AnCode666	GitHub 2025	https://github.com/AnCode666/multiCAD-mcp				non_arxiv_url_metadata_not_checked	
871	medium	Tools and Platforms	Open-Source Tools and Frameworks	CAD Agent	Svetlana-DAO-LLC	GitHub 2025	https://github.com/Svetlana-DAO-LLC/cad-agent				non_arxiv_url_metadata_not_checked	
872	medium	Tools and Platforms	Open-Source Tools and Frameworks	gNucleus Text-to-CAD MCP	gNucleus	GitHub 2025	https://github.com/gNucleus/text-to-cad-mcp				non_arxiv_url_metadata_not_checked	
873	medium	Tools and Platforms	Open-Source Tools and Frameworks	cadquery-mcp-server	Rishi Gundakaram	GitHub 2025	https://github.com/rishigundakaram/cadquery-mcp-server				non_arxiv_url_metadata_not_checked	
874	medium	Tools and Platforms	Open-Source Tools and Frameworks	FreeCAD MCP	neka-nat	GitHub 2025	https://github.com/neka-nat/freecad-mcp				non_arxiv_url_metadata_not_checked	
875	medium	Tools and Platforms	Open-Source Tools and Frameworks	Dingcad	yacineMTB	GitHub 2025	https://github.com/yacineMTB/dingcad				non_arxiv_url_metadata_not_checked	
876	medium	Tools and Platforms	Open-Source Tools and Frameworks	OpenSCAD Agent	iancanderson	GitHub 2025	https://github.com/iancanderson/openscad-agent				non_arxiv_url_metadata_not_checked	
877	medium	Tools and Platforms	Open-Source Tools and Frameworks	CodeToCAD	CodeToCAD	GitHub 2024	https://github.com/CodeToCAD/CodeToCAD				non_arxiv_url_metadata_not_checked	
878	medium	Tools and Platforms	Open-Source Tools and Frameworks	Curated Code CAD	Irev-Dev	GitHub 2024	https://github.com/Irev-Dev/curated-code-cad				non_arxiv_url_metadata_not_checked	
899	medium	Tools and Platforms	Research on AI Tools and Deployment	Artificial Intelligence for Safety-Critical Systems in Industrial and Transportation Domains: A Survey	Nascimento et al.	ACM Computing Surveys 2023	https://doi.org/10.1145/3626314	Artificial Intelligence for Safety-Critical Systems in Industrial and Transportation Domains: A Survey	Jon Pérez; Jaume Abella; Markus Borg; Carlo Donzella; Jesús Cerquides; Francisco J. Cazorla; Cristofer Englund; Markus Tauber; George Nikolakopoulos; José Luis Flores	2023	author_mismatch	
